ds,yhat,yhat_lower,yhat_upper,actual
2020-07-23,67.08111537150452,39.584289939362584,93.47940021715172,75.33000183105469
2020-07-24,68.35453189616854,41.606043229170595,92.41673598410108,73.20999908447266
2020-07-27,72.20674727710781,44.466502996140164,100.03896741953817,79.91000366210938
2020-07-28,73.14427867744796,46.72403185346853,101.09119667258724,81.48999786376953
2020-07-29,73.84857227789921,48.16480200224209,99.74640743464927,79.51000213623047
2020-07-30,74.87315132312338,46.45337715655789,101.71016624970912,77.62999725341797
2020-07-31,75.79790175077515,49.27233194573501,102.36171869526918,74.0999984741211
2020-08-03,78.1160482932771,52.83867519621757,105.37434586773352,77.9800033569336
2020-08-04,78.37554660414467,53.85813254570521,102.63577413363554,78.45999908447266
2020-08-05,78.32263353224715,52.74253402956722,103.14315814461077,75.80000305175781
2020-08-06,78.517295812181,51.79371092219457,104.32696923433215,73.76000213623047
2020-08-07,78.54855420032008,51.90635733829735,104.09766657066562,74.0999984741211
2020-08-10,77.93359359115618,52.8071048562796,103.13433208086778,72.01000213623047
2020-08-11,77.1849491700823,50.7928086370046,105.1729987029103,68.97000122070312
2020-08-12,76.13977366951703,48.29964395797604,103.39147181962103,69.5199966430664
2020-08-13,75.37833124988487,47.166573934728795,103.40106942465778,67.83000183105469
2020-08-14,74.51028802234745,48.18279928864128,101.93774018405368,69.1500015258789
2020-08-17,71.73840700068058,44.26516492120224,97.79042474292784,69.76000213623047
2020-08-18,70.51173240721388,43.210962394023994,95.83398693028029,67.02999877929688
2020-08-19,69.1343106868018,43.90298147483927,94.77837421763785,68.0
2020-08-20,68.1975300044446,42.370100885220076,94.2501070257274,67.80999755859375
2020-08-21,67.31886527456878,39.12090571914599,92.65958421948444,66.44999694824219
2020-08-24,65.52541991149437,37.941657717931626,95.30060711514507,64.87999725341797
2020-08-25,64.94906616138644,37.856799919770985,92.83890832798771,66.25
2020-08-26,64.36767142380026,38.11119879210882,90.91792954047888,70.5
2020-08-27,64.35697628454984,37.63125485931675,90.71442468779598,68.02999877929688
2020-08-28,64.51528907598433,37.5831450513544,90.00804837582213,67.48999786376953
2020-08-31,66.26264773846442,40.356328316000486,92.82083734490918,64.88999938964844
2020-09-01,66.92055863281666,41.92514848439189,93.85801604397473,63.31999969482422
2020-09-02,67.55260856047278,39.62463984415777,95.14703392962136,64.72000122070312
2020-09-03,68.70541920919624,43.978238858585684,95.48547240446057,64.83999633789062
2020-09-04,69.94892577569217,43.894121940505656,97.00342796794062,62.599998474121094
2020-09-08,75.41087602805312,49.186091811253824,101.3867541139467,54.34000015258789
2020-09-09,76.38665803593487,51.87077625377271,101.55945848094942,56.900001525878906
2020-09-10,77.6886962278888,51.4270439677612,104.96634877845676,57.560001373291016
2020-09-11,78.88164564847365,51.690335581948034,104.74861641056965,59.34000015258789
2020-09-14,81.82812133410422,55.210541609887315,108.25996608020392,63.66999816894531
2020-09-15,82.21010607610202,57.6583063210705,106.71707101797317,66.87999725341797
2020-09-16,82.22849022246463,56.4956472248931,109.31322789754321,68.83999633789062
2020-09-17,82.44245975971761,57.040891095918134,110.3597344199931,67.88999938964844
2020-09-18,82.442630754399,55.447301963403035,110.94222618834426,69.87000274658203
2020-09-21,81.47912087587656,54.93253042586279,106.27670186913372,69.26000213623047
2020-09-22,80.55312304174777,53.73155712717564,107.15024571125176,68.72000122070312
2020-09-23,79.31481187669095,53.300082225161105,105.65310397661419,67.16000366210938
2020-09-24,78.35419504595738,51.37482490922658,105.26015471390058,65.16999816894531
2020-09-25,77.29067590297578,49.95718338206716,105.0676972499339,69.47000122070312
2020-09-28,74.04351083472073,47.367175942675075,100.35293605972275,70.55000305175781
2020-09-29,72.71981606452263,45.46235366721197,99.39875502317497,70.5199966430664
2020-09-30,71.28458324933169,45.37820387102161,97.65883891790666,70.75
2020-10-01,70.33164243570116,43.19092200579969,96.53127971232246,70.02999877929688
2020-10-02,69.47895627802666,43.27204110575908,95.2960053485471,68.80999755859375
2020-10-05,67.99167822696204,40.97694833583533,94.56342681771417,71.94999694824219
2020-10-06,67.5760555713751,41.21775761008021,93.45864054134185,71.04000091552734
2020-10-07,67.17206060375037,41.99020091277299,96.02599564696236,72.37000274658203
2020-10-08,67.3460024153163,39.56233395734947,94.42649372199044,72.93000030517578
2020-10-09,67.68599891867856,41.8364595381762,94.65933247614181,73.0
2020-10-12,69.85549263912918,44.51559153196683,96.52495221019488,75.30999755859375
2020-10-13,70.57980984947753,43.3786108222566,97.46384917947523,78.29000091552734
2020-10-14,71.22671524337588,45.806618917827045,97.86029451370463,76.55999755859375
2020-10-15,72.3363396573719,46.685787839564526,99.45982224720456,75.58000183105469
2020-10-16,73.4740180029817,48.4285130774989,100.65342778059569,73.94000244140625
2020-10-19,77.04387973256709,50.16304142037106,105.88188035083553,70.95999908447266
2020-10-20,77.87324123523649,49.56319106203347,104.33971385551884,71.30999755859375
2020-10-21,78.44179046518047,52.622550748777925,101.1888687788963,68.37000274658203
2020-10-22,79.29601444558986,55.3954467211675,106.2291371434102,70.83999633789062
2020-10-23,80.01267461286794,53.89161513747674,106.68943280041505,70.52999877929688
2020-10-26,81.50860649045862,56.08975354789155,107.64594691690078,70.23999786376953
2020-10-27,81.45652172356843,54.509670675189184,107.17920837519316,70.66999816894531
2020-10-28,81.09593129820749,54.860712410250365,107.90283970320208,65.73999786376953
2020-10-29,81.00451254979924,53.97447005320046,106.92670185350295,71.27999877929688
2020-10-30,80.7908838878638,53.76035405549301,106.37499141967484,67.47000122070312
2020-11-02,79.89833784585971,52.057280360475964,104.7415724245812,67.11000061035156
2020-11-03,79.27894838914754,53.71142723464711,104.79822048194862,69.08000183105469
2020-11-04,78.50575475184925,53.22863741325582,104.76777758401984,69.80999755859375
2020-11-05,78.1749126344616,53.12000950849099,104.79809758705562,71.4800033569336
2020-11-06,77.90895798299923,51.02429377740599,106.24665135566734,72.44999694824219
2020-11-09,78.04549908941362,52.46785219336585,104.58700432557931,77.73999786376953
2020-11-10,78.15927138972441,50.14276488028537,103.93837137125969,76.05000305175781
2020-11-11,78.29858885371976,53.60843066727661,104.35397748723011,82.44000244140625
2020-11-12,79.04275761272095,53.68134805634868,105.24824921053674,87.80999755859375
2020-11-13,79.99306181524432,53.512128783322694,107.89231032417848,89.38999938964844
2020-11-16,84.35951037524688,58.2249815745183,110.1593397235164,97.94999694824219
2020-11-17,85.97513905506099,59.61850184138887,113.75933228040694,93.1500015258789
2020-11-18,87.60758592852918,60.30612937983461,111.35839793500554,88.88999938964844
2020-11-19,89.80286069811717,62.35327434729345,116.89174497899494,92.7699966430664
2020-11-20,92.12981177903916,66.23845289796625,119.70688941872658,97.61000061035156
2020-11-23,99.88489707977732,71.94893486238949,125.32348756402592,101.02999877929688
2020-11-24,102.29978745462037,75.93341638203563,129.426213348435,98.55999755859375
2020-11-25,104.53439834121349,79.14605242542997,129.46597458454974,109.18000030517578
2020-11-27,109.6249814865009,82.40492400523767,135.24863090303612,127.02999877929688
2020-11-30,116.6068219922892,89.33712969034839,142.9364174314058,152.74000549316406
2020-12-01,118.35574279282416,88.04404664327934,143.94989445918034,141.00999450683594
2020-12-02,119.74435036231385,92.81111717146077,146.58378175608698,143.0
2020-12-03,121.32670331239065,93.72513954603443,145.70602893960316,157.25999450683594
2020-12-04,122.68787973867192,97.61796890071604,152.06737233432307,152.52000427246094
2020-12-07,125.70124498397998,98.90802566835447,151.17097606751457,159.52000427246094
2020-12-08,126.04271411105948,99.35934512432804,151.63125122743992,169.86000061035156
2020-12-09,126.03041063387151,99.75833652933326,154.34394467905886,156.58999633789062
2020-12-10,126.24642655820759,98.61132595072327,152.78836597320307,155.69000244140625
2020-12-11,126.30203714968911,101.83613464397258,152.50475434350656,156.92999267578125
2020-12-14,125.98524696576982,99.18053649795192,151.24770502433637,155.07000732421875
2020-12-15,125.46945064563641,98.74859976996821,152.37363225877763,147.22000122070312
2020-12-16,124.74536880750446,99.41824913526456,152.4360931055398,137.02999877929688
2020-12-17,124.40042481478228,99.03476173435014,149.7909181549343,144.0
2020-12-18,124.0470944822826,97.56114532752989,151.1228387711137,140.22999572753906
2020-12-21,123.36894278179268,97.47827754031277,150.65579146917497,138.3000030517578
2020-12-22,122.98815315544395,97.80392154938491,149.56037495044643,125.87999725341797
2020-12-23,122.5030182605385,95.63019955720507,147.80244731852156,130.33999633789062
2020-12-24,122.48340138565982,95.01893125906206,147.99391847664978,123.38999938964844
2020-12-28,123.23078098678332,99.9289640375156,150.0873360436835,111.4000015258789
2020-12-29,123.31741694273937,96.63205803199764,150.0840489895257,114.38999938964844
2020-12-30,123.2733714956208,98.74082042919193,149.59315923632838,111.12999725341797
2020-12-31,123.65388828632481,96.91598068294515,152.50769102540605,104.47000122070312
2021-01-04,125.3911239802731,97.9383657632504,151.93777106044956,111.7300033569336
2021-01-05,125.54795165375405,98.78702620441378,153.72408102293582,109.18000030517578
2021-01-06,125.50393100214066,100.98697132904645,151.80351677808403,116.26000213623047
2021-01-07,125.81970848715515,99.37582581492485,151.6872787579172,115.08999633789062
2021-01-08,126.08455862080856,99.4455348202791,150.67505715436917,112.75
2021-01-11,126.83814569441925,100.89187676758712,153.19795863975656,117.26000213623047
2021-01-12,126.76141191353821,102.03154942695419,153.43181578902286,124.55000305175781
2021-01-13,126.4896833414772,99.05024998866467,152.4419908981394,124.05999755859375
2021-01-14,126.59733719860725,100.00575959532357,153.6286547678359,129.72000122070312
2021-01-15,126.68657360637187,101.02250265542087,152.1375167660671,129.64999389648438
2021-01-19,127.19098242933974,100.71216569758182,153.63738647267311,125.01000213623047
2021-01-20,127.04135394189856,100.27200969713157,152.42301678520568,125.13999938964844
2021-01-21,127.3414427742099,101.9753002517241,153.71596474116913,132.97999572753906
2021-01-22,127.69080282010977,101.62647218956036,154.01105943476756,131.02000427246094
2021-01-25,129.34046301399107,101.47370588032962,155.78131809269286,147.0
2021-01-26,129.7686211172756,103.52166008721433,157.1760534902884,151.92999267578125
2021-01-27,130.09007077083504,104.9908239549998,154.9780197274276,155.72999572753906
2021-01-28,130.86425982629805,104.58968929184566,156.31745361531634,159.5500030517578
2021-01-29,131.6749951015136,106.40761693764824,156.7920986806417,173.16000366210938
2021-02-01,134.4753517716747,109.98301064206673,161.22462474855436,157.47999572753906
2021-02-02,135.16067470307541,108.4249976649439,161.92072225069555,158.5800018310547
2021-02-03,135.65541054308972,110.96110280842899,162.5441719828166,165.86000061035156
2021-02-04,136.50970181024883,109.56551762341273,161.96047100856717,173.30999755859375
2021-02-05,137.30063226552176,111.21712843686508,161.9273723459039,176.24000549316406
2021-02-08,139.41871927261292,111.1489795149692,165.91077329690322,185.97999572753906
2021-02-09,139.67667340866922,112.98997045835887,165.88010161119243,179.52000427246094
2021-02-10,139.6556410338297,112.25014128931954,164.79231096993828,179.33999633789062
2021-02-11,139.91708486953578,111.92500124464966,166.05618267516033,183.44000244140625
2021-02-12,140.05197918682825,114.62460806449367,167.0563538075075,183.74000549316406
2021-02-16,139.51781230441938,112.42171614140037,168.47313069138468,178.52999877929688
2021-02-17,138.79443552461925,114.1081863131061,166.28103148149629,176.75999450683594
2021-02-18,138.4033900430623,111.52964375891398,164.4675888327443,169.57000732421875
2021-02-19,137.9544950380683,111.98684340265498,162.5735854407837,174.74000549316406
2021-02-22,136.71883722050003,110.87049310379085,163.27129996652292,159.3699951171875
2021-02-23,136.0868816619705,111.07227225194511,162.81962102530778,150.1699981689453
2021-02-24,135.33739592058606,106.89156010618113,161.4859568921693,144.7899932861328
2021-02-25,135.0551883905762,108.61933707031659,159.7455687802702,148.3800048828125
2021-02-26,134.85014018605315,108.37796704667913,160.9233668437979,154.80999755859375
2021-03-01,135.10419685892614,108.26721458115742,160.26382904613754,157.39999389648438
2021-03-02,135.18768038355552,108.22322963227113,162.30432726580403,146.80999755859375
2021-03-03,135.2387623037428,107.33321675019266,162.04134618483857,131.22000122070312
2021-03-04,135.82402184040998,109.42617625581158,163.12797774296172,132.3000030517578
2021-03-05,136.5333332836595,111.84566235875249,162.76592542521857,132.19000244140625
2021-03-08,139.59664758965414,113.13035498629208,166.08040059330062,123.47000122070312
2021-03-09,140.56594144695615,115.79467127112002,169.71883620628776,130.8699951171875
2021-03-10,141.44279026768487,113.9170981860816,167.47542778697235,129.75
2021-03-11,142.77507811484745,116.1780082701062,169.1378951141189,140.47000122070312
2021-03-12,144.13613866882895,117.91078359969937,168.3017560178004,136.99000549316406
2021-03-15,148.458630791119,120.8593121595871,175.02779234806644,143.66000366210938
2021-03-16,149.58998617825273,125.46736442978404,175.37384684391793,156.02000427246094
2021-03-17,150.49580913702738,126.30297095227334,179.91516150762678,147.5500030517578
2021-03-18,151.72669004061663,125.13473347471738,176.91899834220777,141.4600067138672
2021-03-19,152.86207020865172,126.5176354944561,179.54667159117403,143.74000549316406
2021-03-22,155.869084076981,130.56684692684607,183.83821218187194,145.60000610351562
2021-03-23,156.39782945827952,130.53355096342833,182.4544890889574,136.52000427246094
2021-03-24,156.6482750953058,130.64703090980973,183.01641373001232,131.61000061035156
2021-03-25,157.19048007936794,129.93769524063958,183.88369474400474,133.3300018310547
2021-03-26,157.62383780852298,132.285727572705,184.1463834878332,133.27999877929688
2021-03-29,158.6394764264344,130.8153940012485,185.81385145705428,123.41999816894531
2021-03-30,158.60216150997076,132.2599484893919,186.02602812130527,118.48999786376953
2021-03-31,158.3607066240804,131.20053188324627,185.80479882374493,130.9499969482422
2021-04-01,158.4967832258592,130.72722972950663,184.7084589082683,132.5500030517578
2021-04-05,159.3080862404928,133.62088701687458,183.88144144795498,129.91000366210938
2021-04-06,159.36281795478226,133.97127649418846,184.29603962312632,133.52999877929688
2021-04-07,159.30500377456985,131.3495340439488,185.94109807592386,131.47000122070312
2021-04-08,159.7068099260974,132.28286813967404,187.89908710988703,133.8800048828125
2021-04-09,160.16449743999914,133.97282659146128,185.87086076422764,140.9199981689453
2021-04-12,162.13640680610746,135.3390860919674,186.8719174861442,139.39999389648438
2021-04-13,162.65559995224868,134.45073972896694,187.92679427344376,149.7100067138672
2021-04-14,163.0524236470666,136.27679004977813,191.68652409109933,160.02999877929688
2021-04-15,163.88254418482555,137.35214147195663,189.58121525323742,159.8699951171875
2021-04-16,164.72678052693698,139.48174807422012,190.4894715135726,170.80999755859375
2021-04-19,167.47889094334613,139.97876704449934,193.9692284253261,161.91000366210938
2021-04-20,168.09994589957793,140.96925574571912,193.24696657174775,156.77999877929688
2021-04-21,168.51030080756752,142.83588073480757,195.4752256245138,169.5
2021-04-22,169.2644473502173,143.54632135269713,195.29975570117645,168.10000610351562
2021-04-23,169.94502618238164,145.0202317197041,195.9210332524149,173.6300048828125
2021-04-26,171.7413478900208,145.28160309633788,198.08756934260245,177.61000061035156
2021-04-27,171.92221270860028,144.83598763055016,200.22956692104145,183.41000366210938
2021-04-28,171.8536240378892,144.52666201968552,197.156717863169,178.67999267578125
2021-04-29,172.10568380035642,145.41170611452097,198.12276170199166,175.6699981689453
2021-04-30,172.27757790962391,144.249096596331,200.30717653527662,178.82000732421875
2021-05-03,172.6769098668475,145.03721334039497,199.47014522505214,186.02000427246094
2021-05-04,172.48876491334326,143.60608948392598,197.72240646145994,173.58999633789062
2021-05-05,172.12326299012028,145.70295023970473,199.6244929887136,162.83999633789062
2021-05-06,172.16198559543383,147.0785988656483,198.74684683575256,160.5
2021-05-07,172.2132049783157,143.56485311630982,197.3204735276475,163.14999389648438
2021-05-10,172.85583484101875,148.36507227983176,199.23494228727208,158.5500030517578
2021-05-11,174.33051037548407,147.61135284547413,201.03166836634438,158.99000549316406
2021-05-12,175.72262670671154,149.03328462385983,202.49131466580525,152.67999267578125
2021-05-13,177.60526858452593,152.98290101234753,202.59664483667794,149.8699951171875
2021-05-14,179.57556339706002,154.01497670215613,204.4628297919838,161.3800048828125
2021-05-17,186.28208690035416,160.19024105596316,211.69903949746003,160.42999267578125
2021-05-18,188.44570791268413,163.30333130023848,215.38924265307188,159.52999877929688
2021-05-19,190.5193801510884,162.4453045806037,217.87553713466346,157.99000549316406
2021-05-20,193.05759562211813,166.2214846071593,220.42605304561428,165.97000122070312
2021-05-21,195.63940559135972,170.0590843829455,222.78644581439545,161.4499969482422
2021-05-24,203.75371226289784,179.6489586761853,229.65760522807042,164.1699981689453
2021-05-25,206.19950610078087,181.63039855725083,234.5592777385744,169.25999450683594
2021-05-26,208.44538317841815,181.812914157909,235.70520308029512,175.58999633789062
2021-05-27,211.04019153869382,185.82050365802615,237.0666749697201,179.5399932861328
2021-05-28,213.56040771096383,189.703871284571,238.65682206405623,185.00999450683594
2021-06-01,222.74977904847972,195.22309433083987,249.84290608363398,184.66000366210938
2021-06-02,224.41207430797607,197.96433321616746,251.56008727959482,191.60000610351562
2021-06-03,226.35207442175582,199.7778886041748,252.88490948256785,195.22000122070312
2021-06-04,228.1624153301588,202.09019237464767,253.91402551141417,206.07000732421875
2021-06-07,233.12334961178325,207.459803270262,256.41200628416834,219.57000732421875
2021-06-08,234.32280623803769,208.7985415681036,260.87386367831033,213.0
2021-06-09,235.27333213994945,208.31544357584653,258.9846978573901,217.44000244140625
2021-06-10,236.555114187451,211.1129373861641,264.68675883421685,217.0
2021-06-11,237.7762611507852,210.00731244556638,262.39119153423013,218.85000610351562
2021-06-14,241.5077168261935,215.2582677184166,269.8637363861759,207.41000366210938
2021-06-15,242.50578988532786,215.4504373610442,266.556353879868,201.58999633789062
2021-06-16,243.36692111663277,215.2503334258893,267.47863646941255,197.83999633789062
2021-06-17,244.67173116103777,218.16308181398176,271.2885846138063,202.47000122070312
2021-06-18,246.02598713543682,219.21798989820692,272.07224962425784,199.19000244140625
2021-06-21,250.75557123264613,223.59726122248588,277.4837104240208,208.24000549316406
2021-06-22,252.2543991866009,225.0611238609161,279.73110580818343,221.36000061035156
2021-06-23,253.68018236621973,226.37633745559177,279.68693117272414,212.0399932861328
2021-06-24,255.59966723727615,228.300358207825,283.0294410404569,220.13999938964844
2021-06-25,257.60413831235735,232.39044043949954,284.5473931669165,219.94000244140625
2021-06-28,264.3527301602769,237.743573061518,290.96717915869465,222.94000244140625
2021-06-29,266.5019207823586,240.68458997937208,292.3543781333376,234.4600067138672
2021-06-30,268.5467613764172,242.47819110921932,296.9051741597814,234.97999572753906
2021-07-01,271.04429375199993,244.963861609708,297.3194199326351,235.11000061035156
2021-07-02,273.5779477771238,247.86728437015674,299.59507138027084,234.3000030517578
2021-07-06,284.0175462198197,258.3753042367796,309.7019213685936,233.33999633789062
2021-07-07,286.3002619891882,261.06994629712443,313.2606700942002,221.89999389648438
2021-07-08,288.9816055434339,262.147029644497,315.61386084570506,232.7899932861328
2021-07-09,291.6501899194985,265.9700396817957,318.0553329109657,232.80999755859375
2021-07-12,299.82269284346614,274.17466443450587,328.31212524211514,239.33999633789062
2021-07-13,302.27572574000385,277.80580445632194,327.73804776199034,235.14999389648438
2021-07-14,304.55317857505804,280.2351365375675,330.48310699773486,246.66000366210938
2021-07-15,307.2224163102342,281.5440945349108,333.6731613592134,259.67498779296875
2021-07-16,309.8776245421393,284.7059076030772,335.75510836969255,286.42999267578125
2021-07-19,318.0382474296109,293.56088062243117,344.85521856171215,313.5899963378906
2021-07-20,320.50081481364344,294.9348932605163,345.6348857191778,307.3299865722656
2021-07-21,322.79231996853485,296.8795388506298,347.87782693313846,321.1099853515625
2021-07-22,325.4762266016617,300.357532493312,352.33396944533774,323.4800109863281
2021-07-23,328.14124132432016,300.98752650212634,356.17194152387555,348.8299865722656
2021-07-26,336.2279823942477,309.9464724411139,362.2841049083404,335.8699951171875
2021-07-27,338.60231913426503,311.60077572116023,365.6131920000263,328.5
2021-07-28,340.7581859134549,316.3229890393295,365.8228560121444,349.32000732421875
2021-07-29,343.24988510132357,317.5223816443917,369.0073084400592,345.6400146484375
2021-07-30,345.65766910848384,321.2379255469277,370.91243456228733,353.6000061035156
2021-08-02,352.51700510760503,326.4775890835026,376.7529603398127,346.6099853515625
2021-08-03,354.31728982606427,328.80621462746035,381.4821155246236,386.510009765625
2021-08-04,355.8156118283449,330.2218664682508,383.119386387882,419.04998779296875
2021-08-05,357.5693969684755,329.63375758692575,382.91814008255704,416.260009765625
2021-08-06,359.16468874718976,333.28870779862115,388.6079177074109,413.7200012207031
2021-08-09,363.2366854342023,338.916576857043,390.21530166877926,484.4700012207031
2021-08-10,364.03608759154076,336.25640058944276,388.9533943089554,456.760009765625
2021-08-11,364.52537152111734,340.43478433570357,390.5287471058633,385.3299865722656
2021-08-12,365.28104934780686,338.79284382519796,392.07381345512164,391.4200134277344
2021-08-13,365.90926654671995,340.5060249826127,391.16470001937824,389.7799987792969
2021-08-16,367.47147144936486,339.11765964551466,392.22989818050604,373.8599853515625
2021-08-17,367.630634576277,343.06825755465144,391.81682854645254,401.8599853515625
2021-08-18,367.60753071572634,342.11156294484414,395.8172986537894,398.79998779296875
2021-08-19,367.993352464736,341.62921399349864,394.4688928484941,375.5299987792969
2021-08-20,368.40613648685684,341.26776438767536,392.5503884661236,382.9800109863281
2021-08-23,370.31716738318926,345.4040780126776,397.13783174962117,411.8900146484375
2021-08-24,370.92834153619594,345.2242245321971,397.2944756253533,394.94000244140625
2021-08-25,371.51712891074214,344.31509935574763,397.556802590622,397.8699951171875
2021-08-26,372.6638733389604,346.0323841630637,396.573461398344,400.29998779296875
2021-08-27,373.97189367831146,350.0718820777943,400.20110177525027,382.2200012207031
2021-08-30,379.17562747582934,353.6226970897528,406.66855845871464,370.69000244140625
2021-08-31,381.0062071633304,356.08870992355503,408.2886603302191,376.69000244140625
2021-09-01,382.8298977576476,356.91016008890284,408.85676887109287,389.94000244140625
2021-09-02,385.1980345215097,358.41335666314467,411.98263762049874,397.6600036621094
2021-09-03,384.61077971697847,359.16460954606123,410.46451227478485,416.70001220703125
2021-09-07,383.0881847684355,358.2623641139563,410.9418406670354,436.3900146484375
2021-09-08,382.4101914834794,354.85517051470714,409.0515753086514,422.8999938964844
2021-09-09,382.0953355298876,355.3573888168188,407.1291679918866,455.9200134277344
2021-09-10,381.70661780844335,354.63998580153935,407.7859055123382,449.3800048828125
2021-09-13,380.08987119000074,353.6216051153019,405.25067669043204,419.7200012207031
2021-09-14,378.9976703719857,352.9822204958935,403.5193550701654,427.7099914550781
2021-09-15,377.55688864011347,350.57315579116744,403.3801084347914,434.4599914550781
2021-09-16,376.32097307982946,349.2037374508343,401.52065956421194,440.6499938964844
2021-09-17,374.8745431371563,349.5542012750734,402.0070949956513,430.04998779296875
2021-09-20,369.53035326704537,342.9543472259604,394.8914724045066,423.3299865722656
2021-09-21,367.1111999202823,341.214832041419,392.8440474483196,434.0400085449219
2021-09-22,364.354592092683,338.6003905839615,390.2718168406566,440.7200012207031
2021-09-23,361.8462077909499,335.4483968759133,387.70419871341693,454.6000061035156
2021-09-24,359.2018726505727,334.4523894610478,383.7100975306038,430.1400146484375
2021-09-27,350.991306217559,323.5294801331968,378.39228289966115,408.8399963378906
2021-09-28,347.93670474644654,319.310202157517,372.1830504454105,384.2099914550781
2021-09-29,344.7334125056113,317.86742934429356,370.6871786705122,378.8999938964844
2021-09-30,341.9773499492655,315.06366577808797,368.19562090386404,384.8599853515625
2021-10-01,339.2894704697458,313.9844756438897,367.14245166686544,341.0899963378906
2021-10-04,332.1457536142203,304.2758565784207,358.09733682099034,325.8399963378906
2021-10-05,329.8113033579748,303.30301139215686,355.1612678726366,332.1099853515625
2021-10-06,327.48133591153925,300.646977039885,353.1763104496259,302.4200134277344
2021-10-07,325.7281921652658,303.40097559293196,352.4804868637931,309.3599853515625
2021-10-08,324.1460046733116,298.0398893841602,349.6401308867762,304.9100036621094
2021-10-11,320.6348553846558,295.7142087714988,345.3104929709539,305.1000061035156
2021-10-12,319.5108163845851,294.713798131951,345.9778341345276,311.1300048828125
2021-10-13,318.338627061615,292.37186522690206,345.307540480874,321.5
2021-10-14,317.661215390071,290.3398030569858,345.4904337987152,331.8800048828125
2021-10-15,317.04579483080863,289.4866969476883,342.85381603926834,324.2099914550781
2021-10-18,315.5641034095619,289.9651074404297,342.2284931827497,334.8399963378906
2021-10-19,314.775301362236,286.96559256211896,341.2666081525081,333.6099853515625
2021-10-20,313.7543867033408,287.7336575684918,340.04050244810225,333.010009765625
2021-10-21,313.0440760906095,288.12865434441215,339.320196635514,339.57000732421875
2021-10-22,312.2166386678665,286.7983496090604,337.37562371475644,326.5400085449219
2021-10-25,309.149845167496,280.58851934767046,336.3891424621481,349.55999755859375
2021-10-26,307.5806773353609,280.5478705585029,335.8309396562211,345.739990234375
2021-10-27,305.6949531285022,279.27810073325594,332.83111711279383,340.8800048828125
2021-10-28,304.064547202369,276.3242811935405,329.9159207128001,347.9200134277344
2021-10-29,302.2926173850469,274.7425372844246,327.3911027161287,345.2099914550781
2021-11-01,296.54645267866226,271.7246426371634,325.49276652679487,337.1700134277344
2021-11-02,294.2432233759654,268.67604506911556,319.64046313901537,348.6400146484375
2021-11-03,291.749421930165,265.805081941461,319.4215214353234,345.9200134277344
2021-11-04,289.6603657931526,262.99557836712006,317.7221581157513,284.0199890136719
2021-11-05,287.5987555045331,258.74598244668243,314.17547256049994,236.99000549316406
2021-11-08,282.14015154309607,255.07901463330714,307.73584650262495,244.67999267578125
2021-11-09,280.32959769916596,254.67693406331043,305.67413438240726,236.85000610351562
2021-11-10,278.5220467143444,252.24703855398036,303.90004815172955,228.9600067138672
2021-11-11,277.3020615917258,250.92370123934157,301.98509387242467,225.82000732421875
2021-11-12,276.27666614893064,249.02679916958346,302.9862042341174,231.19000244140625
2021-11-15,274.7082047880742,248.75527003650282,301.4161301377641,235.07000732421875
2021-11-16,274.3636575491858,249.27932159577898,300.4804396182187,234.27999877929688
2021-11-17,274.0549219987555,249.07721386442455,300.66680800679376,242.22999572753906
2021-11-18,274.33338464903386,248.025808762898,301.9126196904371,251.41000366210938
2021-11-19,274.7726898883005,247.84814013262118,302.88588868089835,263.7799987792969
2021-11-22,277.076746029784,251.93014702661355,302.2656383430451,282.69000244140625
2021-11-23,277.75329762116417,252.19663265620358,303.42443396657467,276.3800048828125
2021-11-24,278.29060399561587,251.89250667111756,302.7645399339994,273.3900146484375
2021-11-26,280.10709415147386,253.7170364410926,305.4066608772332,329.6300048828125
2021-11-29,282.4459801445269,257.8486059721633,309.15854950574834,368.510009765625
2021-11-30,282.7045047988754,256.75359759876073,309.148893201927,352.42999267578125
2021-12-01,282.62361019281394,254.6561798517354,308.71405681518706,310.6099853515625
2021-12-02,282.75208992670906,256.10050625982035,308.0964081782658,301.489990234375
2021-12-03,282.66953463122115,256.4023372583036,310.08878792402186,306.7200012207031
2021-12-06,281.35737006564995,256.08834974816534,307.74507280416725,265.3299865722656
2021-12-07,280.241368922295,253.78322832262097,307.7963533017889,282.3500061035156
2021-12-08,278.75591811552783,253.96792618669656,303.62010616020945,283.3999938964844
2021-12-09,277.4791664825667,251.0546721231034,302.83038207339894,272.2099914550781
2021-12-10,276.0190917315239,251.5016712531843,302.8556787299244,257.05999755859375
2021-12-13,270.9956969509241,246.27571589204223,299.03741443141706,271.989990234375
2021-12-14,268.85436097725886,244.5919049045219,295.1279227457878,277.1600036621094
2021-12-15,266.4765922584539,240.96643521153558,291.5514560186522,283.2799987792969
2021-12-16,264.4510282936333,238.53756913653132,292.70279072444055,282.0199890136719
2021-12-17,262.3920162986483,233.7920818532426,288.2394125180916,294.79998779296875
2021-12-20,256.4732752131902,231.8750628289384,280.978639217431,276.3800048828125
2021-12-21,254.31538505288174,224.91642573591383,281.87546675146024,268.1400146484375
2021-12-22,252.04411270880541,225.59921999267198,278.67896185138267,251.36000061035156
2021-12-23,250.23308980193818,224.5573573635533,277.9093873500262,249.99000549316406
2021-12-27,243.83232320816285,217.87179475951325,270.5226229452173,246.8800048828125
2021-12-28,242.15112843918104,214.19097106027976,267.9438874518838,241.44000244140625
2021-12-29,240.35133058843803,213.99019562553568,266.0454371997336,247.8800048828125
2021-12-30,238.9894394355605,213.66385067333704,264.7033908643145,251.60000610351562
2021-12-31,237.6475067332846,211.60098156518484,264.89839812150115,253.97999572753906
2022-01-03,233.8955020359196,209.5705011347253,262.6042702110128,235.0500030517578
2022-01-04,232.3755497104363,206.6040905065773,259.6745011385607,233.05999755859375
2022-01-05,230.664008503061,204.85441106985175,257.2405432546328,215.22999572753906
2022-01-06,229.3192818914226,201.05416574950576,256.75357672098255,216.05999755859375
2022-01-07,227.92815197081805,203.73374581173474,254.42811859816277,213.86000061035156
2022-01-10,223.7143125889626,197.5531675329629,252.14595105536768,233.6999969482422
2022-01-11,221.9731928292155,196.47976190216824,248.56272032291403,221.38999938964844
2022-01-12,220.02881851844947,192.60083002857257,244.60737854829318,222.88999938964844
2022-01-13,218.45361282147687,191.54506839676912,245.2578093540006,210.1699981689453
2022-01-14,216.8482119595007,190.37978957400168,244.3089865041193,204.72999572753906
2022-01-18,210.4415653608376,184.33180469055068,236.7348310473053,186.61000061035156
2022-01-19,208.53186503492736,183.0382172741637,235.23516967672083,174.07000732421875
2022-01-20,207.06108727135612,181.12312480199347,233.71469607245854,167.52000427246094
2022-01-21,205.63067806568614,180.35094354228832,232.6192836002383,160.07000732421875
2022-01-24,201.91198263565795,176.97993821692697,227.9163141502016,157.3000030517578
2022-01-25,200.55039373097983,173.18507034150056,225.95199475988474,152.5399932861328
2022-01-26,199.08695796920875,172.93461118819587,226.18517948712307,154.9600067138672
2022-01-27,198.08411306714902,172.22654914671008,224.85323617110168,148.6199951171875
2022-01-28,197.12850624189562,170.89570683117915,223.54057080485424,159.47000122070312
2022-01-31,194.71818870366013,168.41686862426846,221.2567271731635,169.3300018310547
2022-02-01,193.7021597074243,166.8463963552297,219.31544206205768,172.74000549316406
2022-02-02,192.51513388797088,165.31497348881294,219.46476871084633,169.61000061035156
2022-02-03,191.70751100341352,164.805167348446,218.14280582926776,163.9499969482422
2022-02-04,190.85603878502013,164.3953238346015,217.45941428878908,163.00999450683594
2022-02-07,188.15180152744884,161.45254525216637,214.28627056580945,160.27000427246094
2022-02-08,186.83046398181585,158.12034120371763,213.46551376550218,153.30999755859375
2022-02-09,185.23960911933438,160.81443865420425,212.22506610495722,164.02999877929688
2022-02-10,183.93736376687048,158.3645359005266,212.59148738255664,160.4199981689453
2022-02-11,182.51110655219446,154.15361438061657,209.19234363070967,161.32000732421875
2022-02-14,177.74545481545871,151.4065975818056,203.3563765400397,142.47000122070312
2022-02-15,175.68242932808874,149.64745021089055,199.2315872717486,151.1199951171875
2022-02-16,173.3547838880448,148.60018430699512,199.7248801133614,151.80999755859375
2022-02-17,171.34079694479198,144.97196514597087,197.6485829198993,146.36000061035156
2022-02-18,169.24777380732493,142.13716689661388,195.49084378040075,145.74000549316406
2022-02-22,160.5611148039873,135.64047614895816,186.62210747698984,144.97000122070312
2022-02-23,158.04408919901277,132.66382324442804,185.3017885269003,135.72999572753906
2022-02-24,155.97067883467076,128.40443003130798,181.76820904022654,156.22999572753906
2022-02-25,154.94907800240776,128.8149233095154,181.80517438576916,151.3300018310547
2022-02-28,152.6493936769394,123.79119756039663,180.88066932024364,153.60000610351562
2022-03-01,151.8581333905672,124.98869229309103,176.0889213613246,149.52000427246094
2022-03-02,151.02913714152587,124.71896443114366,175.96807867012393,147.86000061035156
2022-03-03,150.733105670053,125.31734984560698,178.59279837174097,141.52000427246094
2022-03-04,150.5640621323213,125.25631443086755,175.84889695171373,136.4600067138672
2022-03-07,151.04947955230918,125.09526524792314,179.42943651559344,126.45999908447266
2022-03-08,151.19032631744028,124.45568541205033,178.52475469060676,129.27999877929688
2022-03-09,151.25902460866962,124.77652558503607,177.81347774173517,142.49000549316406
2022-03-10,151.80559714012685,125.56824509692079,179.51472560319138,139.52000427246094
2022-03-11,152.40490943229884,126.66653691898425,179.06085750815419,138.1999969482422
2022-03-14,154.59151154921736,130.11268589147303,180.27144202141835,150.07000732421875
2022-03-15,155.05923625327046,129.608138537434,183.58026755399402,148.1199951171875
2022-03-16,155.32328048328327,129.59109813607986,181.31063635503108,169.36000061035156
2022-03-17,155.93198126396192,129.07160369729758,183.69520901900097,168.25999450683594
2022-03-18,156.46203938099427,131.2139123319856,184.84893695573308,178.92999267578125
2022-03-21,157.72132691318768,134.15604881019388,185.18324637917186,175.3800048828125
2022-03-22,157.6781282104153,133.43875967709582,183.39952217471733,186.72000122070312
2022-03-23,157.35568542993155,129.73089932455778,183.17007512522133,178.72999572753906
2022-03-24,157.32040697929574,130.87171241396436,182.76801396789529,179.67999267578125
2022-03-25,157.16825238605583,131.44424869831462,184.056954816103,165.9199981689453
2022-03-28,156.3500418627518,128.93425511531973,181.3685295141197,173.0800018310547
2022-03-29,155.668236480192,130.08809612725497,181.79677281702385,180.63999938964844
2022-03-30,154.76331252475006,129.28272721450602,179.0955792982322,174.9199981689453
2022-03-31,154.21640019696005,127.6687736112492,182.29103719522976,172.25999450683594
2022-04-01,153.63573622002428,126.77810657007315,181.92372250670084,176.58999633789062
2022-04-04,152.11065717199085,126.49585536750936,178.81861126855742,172.5399932861328
2022-04-05,151.39722447317416,126.4747953630308,178.50091100443186,162.0500030517578
2022-04-06,150.56027739286898,123.9965347092651,176.06366419207922,154.6199951171875
2022-04-07,150.17489669850744,125.61271768482179,176.57241546744288,159.0
2022-04-08,149.84046891731563,123.29768149944597,178.8643908028808,160.83999633789062
2022-04-11,149.43878020038505,123.20521160830931,177.50903552354492,160.0
2022-04-12,149.17810818449215,124.3321910880025,175.47395765710405,159.5
2022-04-13,148.80542497095703,123.54030763952531,175.08265548875087,169.66000366210938
2022-04-14,148.8787151382976,122.96152417653497,176.624552603317,165.49000549316406
2022-04-18,149.6045200894296,123.22364499456943,176.77989690855418,154.75
2022-04-19,149.54996695848183,123.50330248056264,175.66914230163195,152.72000122070312
2022-04-20,149.30069533604143,122.30937471511707,177.2041429576192,150.1199951171875
2022-04-21,149.4098265214175,123.6555645064627,174.50742418791666,144.5
2022-04-22,149.4581397824397,122.38169364648397,175.2069163860882,140.33999633789062
2022-04-25,150.00306864615078,124.11937235382119,177.27772464506626,150.41000366210938
2022-04-26,149.77437714222663,124.53156462337164,176.9092571070262,145.7899932861328
2022-04-27,149.29474706171857,123.44398260280009,176.63968459746627,142.42999267578125
2022-04-28,149.13106729449558,120.7139818382204,174.78420137313802,142.52000427246094
2022-04-29,148.87941671795863,123.65619809315514,174.9826041407412,134.41000366210938
2022-05-02,147.93378402456852,121.27363913856361,171.85696690842084,142.0800018310547
2022-05-03,147.26515511771882,119.8338843385508,173.14909514430434,146.5399932861328
2022-05-04,146.4005314116934,121.01597384554843,172.2251594007764,155.0500030517578
2022-05-05,145.9207520874753,120.16291650427547,172.3648394495515,142.02000427246094
2022-05-06,145.43391939024906,119.90862239205984,172.90003505347798,134.39999389648438
2022-05-09,144.3520556043805,117.024193364646,171.47314629892233,135.8000030517578
2022-05-10,143.84176264583027,116.7582440170116,168.86083332555052,132.32000732421875
2022-05-11,143.2368315104259,116.94073493362019,170.049887540312,123.43000030517578
2022-05-12,143.1132244755638,116.94990045317218,169.98583444265577,130.1699981689453
2022-05-13,143.07124781539326,117.14102512923284,172.05597898162262,137.91000366210938
2022-05-16,143.73920001494625,115.78621939690501,168.98116332800208,136.25999450683594
2022-05-17,143.9010134620057,118.78693625645685,171.63672566083747,142.27999877929688
2022-05-18,143.98395990306875,117.6329082329765,170.11472344649525,137.7100067138672
2022-05-19,144.5455078304679,118.03280816978415,171.84960393461975,143.3800048828125
2022-05-20,145.16732412714387,120.53203013737819,169.25707028027657,136.25
2022-05-23,147.5209597544444,120.79674881003157,173.4616662000301,137.6199951171875
2022-05-24,148.09005920483088,119.8390197206692,173.13584809985224,132.05999755859375
2022-05-25,148.4814429493176,122.63811998106044,176.73598775577625,130.85000610351562
2022-05-26,149.24333386777005,123.51174291485924,175.4376507974846,135.8000030517578
2022-05-27,149.95100923840937,123.67987654204398,175.77269505205274,147.66000366210938
2022-05-31,152.05222248560239,127.13861680315482,177.80832133523066,145.3300018310547
2022-06-01,151.96896101661144,125.61314070795217,175.78707362465957,143.39999389648438
2022-06-02,152.1673968347647,125.61247600043966,177.5011639382059,140.17999267578125
2022-06-03,152.23661963395614,125.24155899366887,179.86025542902723,137.14999389648438
2022-06-06,151.94215853128117,125.85213448094522,179.58734370305916,140.0
2022-06-07,151.36845500835787,123.95732497805434,179.89794290250708,145.33999633789062
2022-06-08,150.53053721722665,123.35113745955499,178.25680411454135,148.52999877929688
2022-06-09,150.00642242791577,125.38677345516922,176.21227180298465,134.0399932861328
2022-06-10,149.4025217925548,122.71302890162404,175.54769422370794,127.12000274658203
2022-06-13,147.53469886998977,119.72653355120747,175.38627742295785,117.12999725341797
2022-06-14,146.62455035051715,119.67845475641272,173.35230431803458,121.55999755859375
2022-06-15,145.55765142540278,120.17890996746723,170.39371533933394,128.52999877929688
2022-06-16,144.9159937756966,119.68722203415663,172.52384566513746,121.08000183105469
2022-06-17,144.30712832205492,118.07239863534,172.28741555311032,128.02999877929688
2022-06-21,142.56293753911703,116.89459869517599,167.54023991252794,129.99000549316406
2022-06-22,142.13144116875316,113.87723854688502,166.95372821588364,136.07000732421875
2022-06-23,142.1924059814913,116.38594583877659,169.03006269222735,143.25999450683594
2022-06-24,142.3397284264248,115.83369268045975,167.90498998063674,144.27000427246094
2022-06-27,143.54795803120496,116.31462662792602,169.01166828978785,145.36000061035156
2022-06-28,143.86685739659947,119.5205024577155,170.8279429841972,142.19000244140625
2022-06-29,144.09183614991665,118.07580759685743,170.73898831166488,142.80999755859375
2022-06-30,144.78066260631786,117.76940847947766,171.4531995912724,142.85000610351562
2022-07-01,145.51709667718373,118.84761391646411,171.85416949601148,149.9499969482422
2022-07-05,148.87644912925015,121.71671898430922,175.17166586198658,155.5399932861328
2022-07-06,149.412013522862,122.76223706822482,175.8289397072807,159.55999755859375
2022-07-07,150.35288292542361,126.3176457776482,176.91163663474916,172.39999389648438
2022-07-08,151.28620811829708,123.8443711557658,178.4828579545828,176.22999572753906
2022-07-11,154.26978044457002,127.54178838169527,181.42066365305882,175.25999450683594
2022-07-12,154.99449969099692,129.33750311927093,181.10689680922954,173.25
2022-07-13,155.54263615077298,128.01354602417314,181.04796428054243,171.24000549316406
2022-07-14,156.4809440429927,130.31291412325555,183.19307269440455,159.9199981689453
2022-07-15,157.40330890845433,129.66711857391948,184.58546606599876,166.91000366210938
2022-07-18,160.35591093290324,132.72255551454717,185.63188388676787,163.39999389648438
2022-07-19,161.08161934689724,137.26803328018335,188.2363493639052,167.13999938964844
2022-07-20,161.63774835767165,135.21877856356215,186.32922136519926,166.88999938964844
2022-07-21,162.58928010093572,136.8910637064065,189.69616998804875,168.88999938964844
2022-07-22,163.5266144086965,137.11076575141027,190.75299101480581,163.52000427246094
2022-07-25,166.47661465096394,140.80916977203728,194.008222341931,165.69000244140625
2022-07-26,167.1600581040544,140.54999981990065,193.2240798520618,160.89999389648438
2022-07-27,167.63833336138455,141.84960080578168,194.39200970587112,158.02000427246094
2022-07-28,168.4669560958392,141.5296485758957,195.85864456156722,158.07000732421875
2022-07-29,169.22705246184185,144.22171133984608,196.3567408663678,164.08999633789062
2022-08-01,171.23812566208193,145.0590466225308,198.31660459389343,161.50999450683594
2022-08-02,171.4523750411437,146.03179682798174,198.94129044902596,160.80999755859375
2022-08-03,171.37765500888017,144.18301561993212,198.84843119405056,186.49000549316406
2022-08-04,171.569416018851,145.24625284238684,199.56635618973735,194.17999267578125
2022-08-05,171.61125283554472,143.67446436221678,197.4808980228115,186.83999633789062
2022-08-08,171.0437348331469,143.36404987091893,198.00358710093792,182.94000244140625
2022-08-09,170.29184581090246,145.45414912316113,197.27770498297895,171.13999938964844
2022-08-10,169.2211004445345,143.33685151473065,197.61745067530956,174.27000427246094
2022-08-11,168.40412319696694,142.06997455148155,195.1210170623379,171.80999755859375
2022-08-12,167.44326670327166,139.9955368777931,193.92507235485135,171.17999267578125
2022-08-15,164.1055145431135,137.37625330098413,190.8700076423525,176.77999877929688
2022-08-16,162.5776676758668,136.88747346471777,188.77413453276063,167.9600067138672
2022-08-17,160.83729513718475,133.32280370975514,186.48631347814208,158.0
2022-08-18,159.49213132308046,131.63995081797407,184.41527461046044,150.0
2022-08-19,158.1421931053478,130.87323232725848,181.5794562998036,146.10000610351562
2022-08-22,154.5821741567003,127.12398134326382,179.8446650341622,142.47000122070312
2022-08-23,153.31501071328037,127.14280755774901,180.43969557268667,143.77999877929688
2022-08-24,152.00309290172325,126.45137883458908,177.52156659010438,141.42999267578125
2022-08-25,151.23071189754066,122.8541562908584,176.51615501660447,142.0500030517578
2022-08-26,150.60567088687813,125.22437771753275,176.49768183167274,136.6999969482422
2022-08-29,149.97726724960307,122.52037010444444,176.15868592969957,137.25999450683594
2022-08-30,149.87078288683816,123.69335483056952,177.45563788826965,135.92999267578125
2022-08-31,149.7699538718316,121.51130030884107,176.6016008083749,132.27000427246094
2022-09-01,150.23129809500483,124.12020280222505,177.6428252307944,138.9499969482422
2022-09-02,150.833769141628,125.26315381270624,177.89262798062,138.57000732421875
2022-09-06,154.37258574173916,130.33613250839292,182.35055375600672,130.0800018310547
2022-09-07,155.04850699563977,128.80630683356426,181.78161992515325,134.89999389648438
2022-09-08,156.1252094023456,131.1337206740251,181.91578892356748,141.27999877929688
2022-09-09,157.1652006510495,129.04127134759239,184.91834306247685,142.27999877929688
2022-09-12,160.03876839663204,134.752040627512,185.1338610375928,140.32000732421875
2022-09-13,160.5008689129814,134.21692592287002,187.1438739259963,131.3000030517578
2022-09-14,160.63599838734788,134.2121603667505,186.69892043156295,139.39999389648438
2022-09-15,160.99239085848728,135.6650152111796,185.9350559291575,135.86000061035156
2022-09-16,161.14901447451038,134.63282195606553,189.5768856795054,137.74000549316406
2022-09-19,160.6184369052878,134.3526225502525,186.36984407728573,127.9000015258789
2022-09-20,159.78521118536145,133.76314416860967,186.4093441647304,129.7050018310547
2022-09-21,158.5956832910213,130.76206643175473,184.68703412271256,125.76000213623047
2022-09-22,157.63042464688385,131.562648267035,182.59730388909597,124.31999969482422
2022-09-23,156.5007604368542,129.3783138369988,183.41382759880983,123.63999938964844
2022-09-26,152.62992838579544,126.97520478976689,178.82024381912768,119.69000244140625
2022-09-27,150.94704458451355,124.21690671608995,176.07508331403545,122.2300033569336
2022-09-28,149.07705337110676,124.77404215229228,175.68146720293245,122.1500015258789
2022-09-29,147.61676432262647,119.44099370200207,172.71806620959865,118.06999969482422
2022-09-30,146.1889864058991,119.02786273486176,172.42106717224203,118.25
2022-10-03,142.64337896193487,117.47430851478069,170.46283341605692,120.98999786376953
2022-10-04,141.46198030460144,114.62615070959917,167.41014139815167,125.66999816894531
2022-10-05,140.27060447878407,115.21493218945031,166.04357087560032,125.62000274658203
2022-10-06,139.6474160632546,112.5325000182799,166.99645467811487,125.1500015258789
2022-10-07,139.1925580654319,111.27016184313395,164.57307099659448,119.31999969482422
2022-10-10,139.1071262497127,114.07104262131041,165.9544284568902,123.41999816894531
2022-10-11,139.1580661510859,113.33973906471202,165.61222885309724,120.72000122070312
2022-10-12,139.18544716979943,113.39305526562117,165.4216781658757,130.72000122070312
2022-10-13,139.73603291328098,113.0011784976743,166.30170224711463,134.72000122070312
2022-10-14,140.38005269341505,114.66580413400433,167.2047210001122,134.0
2022-10-17,142.88165175872263,115.38112006661972,169.0155790662056,139.25
2022-10-18,143.48947897179633,116.86175291169374,169.26032916218116,134.08999633789062
2022-10-19,143.89743563327622,118.7260259042518,169.7693515712154,123.5199966430664
2022-10-20,144.64551320220366,118.34843667860504,172.19063792710423,118.37999725341797
2022-10-21,145.30240792823687,118.49934110103663,170.2575713097254,128.32000732421875
2022-10-24,146.7980278781126,119.97821531129917,173.40592234064422,133.02000427246094
2022-10-25,146.76812184744446,122.38743171459213,172.30597042163055,136.57000732421875
2022-10-26,146.4210997382642,119.6755941067505,170.72909616933362,142.0
2022-10-27,146.3228307744848,121.63576673164808,172.10090931281124,144.11000061035156
2022-10-28,146.0706092243792,120.97258181512379,173.31980119339505,150.97000122070312
2022-10-31,144.77222539720694,119.11602298338066,172.0138071261297,150.3300018310547
2022-11-01,143.8941002817909,117.12661721633674,170.68320914910146,154.6199951171875
2022-11-02,142.7910517539622,116.85247227240514,169.58947783140312,148.6199951171875
2022-11-03,142.05634442653482,116.6983592753817,167.2084395549472,147.5
2022-11-04,141.311592820054,115.01987500457514,166.5836619635974,158.41000366210938
2022-11-07,139.58275364621517,112.65552516559056,165.0135059743541,164.0399932861328
2022-11-08,138.94813631261076,111.89396056828352,165.83581744221019,164.61000061035156
2022-11-09,138.2882935948188,111.29228504131997,164.84469149808487,163.2100067138672
2022-11-10,138.1922519563387,108.87323438058776,165.23440634469785,168.55999755859375
2022-11-11,138.27214951848512,110.39237963660875,165.1909203321895,171.1999969482422
2022-11-14,139.96569522104585,113.5253877617418,166.96597252901856,179.02999877929688
2022-11-15,140.7111052624759,113.55861355336407,167.97342323899463,185.47000122070312
2022-11-16,141.5039882538652,113.93808822692573,167.03775178253008,185.25
2022-11-17,142.9016433893566,118.0685948788483,169.01731720807268,183.89999389648438
2022-11-18,144.48321668351832,115.41928987517336,170.03836246179327,181.58999633789062
2022-11-21,150.3986014980453,123.88709087899058,176.90055788201013,176.75
2022-11-22,152.35204691095947,126.0249054073568,179.77821692205538,179.58999633789062
2022-11-23,154.20645070511645,127.82783220616963,178.86892916693478,176.80999755859375
2022-11-25,158.77992566501723,132.33994790133065,185.41520711180252,176.39999389648438
2022-11-28,165.54476692458786,137.93675245264214,190.25654773671195,175.3800048828125
2022-11-29,167.3455882292087,140.37938009852328,193.02644299704244,173.14999389648438
2022-11-30,168.83393814444867,143.79130111827322,195.95146914311172,175.91000366210938
2022-12-01,170.5538211814508,144.17354264096278,197.1504363642333,181.47999572753906
2022-12-02,172.0796408619367,146.84035797185624,199.47162298260685,182.35000610351562
2022-12-05,175.63955177198346,148.29052292030408,202.04509757724594,175.92999267578125
2022-12-06,176.14493651478327,147.2818205324736,201.80191129556516,173.5399932861328
2022-12-07,176.27089809820535,150.8179488087441,202.497769457821,179.0
2022-12-08,176.59095875013696,150.96758684414164,203.35215813458925,184.6999969482422
2022-12-09,176.70900437289143,151.82031647636634,201.77292446756647,177.35000610351562
2022-12-12,176.17690712973703,147.98056754508525,204.334295370416,165.1300048828125
2022-12-13,175.47820759048685,149.13163443100984,203.0867481572912,197.5399932861328
2022-12-14,174.51442632651163,146.49591741346447,200.28844213931487,208.9499969482422
2022-12-15,173.8745093516263,148.5275831596082,202.25959661210644,207.25
2022-12-16,173.1738433948479,148.5543053819495,200.23920342646966,193.2899932861328
2022-12-19,171.18638251083783,144.34346374958605,198.03517932111134,189.88999938964844
2022-12-20,170.30031069869446,143.0366873012487,196.9535435904865,201.16000366210938
2022-12-21,169.28716841982924,142.28764115141792,197.08516545592084,210.0399932861328
2022-12-22,168.7242969714492,141.2650939617848,196.3048406589973,208.33999633789062
2022-12-23,168.21269318983266,140.83763984950744,195.19989018008306,199.0800018310547
2022-12-27,166.8611697378225,139.68856070661147,192.08760346208578,180.1699981689453
2022-12-28,166.32316956163012,141.43009002596054,192.28520286434963,176.5
2022-12-29,166.23474898448396,141.04750805864293,191.65098068312383,178.86000061035156
2022-12-30,166.17936884927897,139.37372124300975,193.86058203510467,179.6199951171875
2023-01-03,166.19234352788374,140.78478844007293,191.68605566482992,178.99000549316406
2023-01-04,165.83377847925712,138.07679911601076,192.46196436263585,177.36000061035156
2023-01-05,165.8517986424946,139.39862532629658,193.35258884306535,173.50999450683594
2023-01-06,165.8310196968666,138.4896051747854,191.89507248811924,180.35000610351562
2023-01-09,165.74867880802142,139.01208363105772,193.11839322479003,183.9499969482422
2023-01-10,165.38265409922747,139.44042930885107,191.565983108261,189.64999389648438
2023-01-11,164.80799783531864,139.5404999291301,190.3405849314756,186.63999938964844
2023-01-12,164.59479206010613,137.75536778382866,190.09604663883854,188.05999755859375
2023-01-13,164.3416312754004,137.73447936275318,190.42340994554857,192.0
2023-01-17,163.21981930787987,138.05377014800948,189.65177436058954,190.69000244140625
2023-01-18,162.59789350600494,136.18149364807854,190.23758567821778,197.02000427246094
2023-01-19,162.4023695528159,136.7524563418735,189.90934231877776,190.3800048828125
2023-01-20,162.2360148468166,136.7264880352677,189.68362658879767,193.97999572753906
2023-01-23,162.26210377107506,136.38463737246596,188.9616649040861,196.94000244140625
2023-01-24,162.14134531315528,132.92236494605913,186.39017106794327,196.75999450683594
2023-01-25,161.91980545880193,135.7319516833101,186.185911070106,193.07000732421875
2023-01-26,162.1629588402038,135.29886451405613,188.31015656454815,193.24000549316406
2023-01-27,162.4604644604836,133.96903484365734,188.63424854985809,189.35000610351562
2023-01-30,163.87983871170803,136.28924721529464,188.43262188482944,180.8699951171875
2023-01-31,164.17158408575196,137.06112006578564,191.3545060346021,176.05999755859375
2023-02-01,164.31079986070574,138.59993392981087,189.4534822475333,174.3000030517578
2023-02-02,164.84885384009647,138.71319192796048,191.66014119715618,176.35000610351562
2023-02-03,165.36289680676842,139.04921629316829,192.6258740627898,173.25
2023-02-06,166.86939422680004,142.22965177510278,193.67339824124838,170.27000427246094
2023-02-07,166.98516255507909,139.74766101056585,192.23736209650403,171.05999755859375
2023-02-08,166.84454980125497,140.9742107889613,192.86938292221762,164.33999633789062
2023-02-09,166.6227336552024,139.85537809350123,193.15506570980816,164.47999572753906
2023-02-10,166.28390099630107,139.31217735422288,191.36304016642708,169.27999877929688
2023-02-13,164.78627370430888,138.219537579192,191.8296105262335,171.47999572753906
2023-02-14,163.80192584528697,140.20640136948205,189.51362592249285,175.6199951171875
2023-02-15,162.5414567496373,138.20881938599135,187.9469932288876,177.27999877929688
2023-02-16,161.57974029437557,134.8804368745006,188.29438926049704,172.30999755859375
2023-02-17,160.52101707285743,134.9726487667663,188.28178797517154,166.60000610351562
2023-02-21,155.7471793922687,130.11503545499775,180.59345949366408,160.08999633789062
2023-02-22,154.14614959127493,128.3567414800744,181.43206816937177,158.1699981689453
2023-02-23,152.9636494909319,125.85025165865176,180.43231939723765,147.57000732421875
2023-02-24,151.81246564103913,123.87952264617563,180.05887755759557,139.25999450683594
2023-02-27,148.9997246455636,123.63273344837657,175.73977409777768,138.27000427246094
2023-02-28,148.00535019746818,121.58865972913873,172.16357934379693,138.80999755859375
2023-03-01,146.96296224713927,120.73939052304887,173.0509294341326,135.66000366210938
2023-03-02,146.44719179470752,119.31142856027043,170.58367485852793,137.86000061035156
2023-03-03,146.05615908144716,121.49684682473588,172.41755780724458,143.1999969482422
2023-03-06,145.9032363111959,118.5854374276013,172.46534366228238,144.02999877929688
2023-03-07,145.85349520618152,119.91610712701525,172.67879267530796,141.0500030517578
2023-03-08,145.74846097214862,119.13547706609381,171.86135187200605,142.0800018310547
2023-03-09,146.14097415689548,119.61286160614114,171.9317057973809,137.36000061035156
2023-03-10,146.60818267662205,120.76104056739854,172.68130420487313,138.2899932861328
2023-03-13,148.54387661196466,122.66452383065918,173.80478605732623,147.89999389648438
2023-03-14,148.9777280494047,123.20835907871512,175.45280983005014,151.27999877929688
2023-03-15,149.23177885454658,124.26998222233586,175.41421264885372,149.60000610351562
2023-03-16,149.85281696571042,123.61345128599461,176.24759991947292,151.77999877929688
2023-03-17,150.41542297202022,124.47407608569631,175.75776468116317,150.02000427246094
2023-03-20,151.8653160756441,126.67575652709588,178.25293576237263,154.52000427246094
2023-03-21,151.90544590345465,127.63199368271637,178.16547865420983,152.10000610351562
2023-03-22,151.67009752693204,123.84159718184078,176.30066240837124,148.17999267578125
2023-03-23,151.7219036894137,123.93916140653396,178.58804329225921,149.4199981689453
2023-03-24,151.653134976235,124.5415381176773,177.60907413361332,150.8800048828125
2023-03-27,151.0294533770231,124.20423374198707,175.86664481247283,148.35000610351562
2023-03-28,150.38459546306083,125.57194773647379,176.36076816855729,146.9199981689453
2023-03-29,149.49915878250204,122.74544937791342,174.80489484660527,148.8000030517578
2023-03-30,148.95298495956894,122.90239954415206,175.5900338120036,147.44000244140625
2023-03-31,148.35361792405232,123.00019632261504,175.52110405680145,153.5800018310547
2023-04-03,146.65791516826553,120.81423866193064,173.05042235531212,159.47999572753906
2023-04-04,145.8530435063214,117.70544264923124,171.2324911188419,156.52000427246094
2023-04-05,144.91048424508907,119.70010597810828,170.57651456420925,154.61000061035156
2023-04-06,144.40783834272705,117.9398904389029,167.89221621102817,158.27000427246094
2023-04-10,143.1460013415269,116.75989993550913,169.76005144520605,160.14999389648438
2023-04-11,142.755712650351,114.87190922218481,168.49244446651068,155.25
2023-04-12,142.26036986996792,115.91712115786139,169.38679321286423,155.55999755859375
2023-04-13,142.22071912817438,116.75989392179304,168.3384265728151,160.52999877929688
2023-04-14,142.2218784857235,116.04263708760051,168.20856254202076,157.10000610351562
2023-04-17,142.63363946560173,116.52375821165701,169.53876378212422,143.97000122070312
2023-04-18,142.54177850795443,116.08577000485383,168.1662214453685,142.6300048828125
2023-04-19,142.27213958106276,116.24510918360882,168.67773219297501,142.82000732421875
2023-04-20,142.3771455381738,116.49153976816643,168.13655859656393,141.13999938964844
2023-04-21,142.43633530882977,114.21103754520443,167.48383952996505,140.85000610351562
2023-04-24,142.4907110832967,115.27638414599278,167.37248100845267,138.13999938964844
2023-04-25,142.1134686643895,116.4535323655747,168.54970909215396,134.89999389648438
2023-04-26,141.48781636842702,115.30797828268804,169.08800650231916,130.72000122070312
2023-04-27,141.17743748767748,116.72309802416747,168.43975961839743,130.07000732421875
2023-04-28,140.77518685469542,114.17801718328934,169.02935983262518,132.88999938964844
2023-05-01,139.32390694010726,114.25794780503999,166.0288862448589,133.39999389648438
2023-05-02,138.45988761705064,111.87304211264733,164.75817230546832,131.39999389648438
2023-05-03,137.38292648186672,111.08013961147478,161.50278924741403,130.13999938964844
2023-05-04,136.6724441632895,111.53276438017294,164.2867651122868,134.3300018310547
2023-05-05,135.9356609983357,110.12791091866325,161.86161074754818,137.0399932861328
2023-05-08,133.9882163348815,107.24522611452318,160.25669605092386,131.75
2023-05-09,133.1536126977283,106.07359738896596,160.6094737246575,133.77000427246094
2023-05-10,132.20924110483287,106.4615586356205,158.7645880339408,130.8300018310547
2023-05-11,131.7334520670053,104.1556639395208,157.38550340431868,128.41000366210938
2023-05-12,131.32934098732517,106.30984130330484,157.16808017947062,129.3000030517578
2023-05-15,130.88337011809762,105.35759456436718,158.4425785693227,130.25999450683594
2023-05-16,130.67622297518986,105.70464057142466,156.13980343631428,125.11000061035156
2023-05-17,130.39719267048008,102.85108494607626,156.02324456459084,125.56999969482422
2023-05-18,130.60705487027752,103.01741599767836,156.28803995804566,125.33000183105469
2023-05-19,130.89053024518122,104.0985981674919,157.99352503340617,126.23999786376953
2023-05-22,132.33418986285085,104.14808535981108,160.2466413776431,126.73999786376953
2023-05-23,132.64096855570014,106.93097745265732,156.46197959444524,137.75
2023-05-24,132.79218104446971,104.94048772013343,159.83040144247664,131.58999633789062
2023-05-25,133.33616588661462,105.38661305386925,160.60657890293587,126.47000122070312
2023-05-26,133.8477221657518,108.65444961294418,159.80274350749713,126.23999786376953
2023-05-30,135.35319957654175,109.20669969279311,163.5384634754375,128.88999938964844
2023-05-31,135.15664358244717,108.12409634582963,162.24408433776142,127.70999908447266
2023-06-01,135.25008011265336,107.61374405427155,158.79212980533208,128.52000427246094
2023-06-02,135.21917317198051,108.42699061387243,161.82904028405852,130.50999450683594
2023-06-05,134.6182333021721,108.80288467423729,158.8526145065626,128.89999389648438
2023-06-06,133.9288895166068,107.71308186018979,158.84881427400455,126.9000015258789
2023-06-07,132.96334470643185,108.4822852211688,158.50413684822269,125.61000061035156
2023-06-08,132.29692982148399,105.11696722120779,158.76265305515523,124.94000244140625
2023-06-09,131.53377585551613,105.62024049730032,157.38825610472634,123.26000213623047
2023-06-12,129.0708073035087,100.81851894966908,152.81677893308537,123.5199966430664
2023-06-13,127.92051723538614,101.62138336444153,153.25504389806227,127.9800033569336
2023-06-14,126.59261157617725,100.62767753812061,152.8839837279817,126.05000305175781
2023-06-15,125.66986660901115,98.70393794107171,152.59862455167027,129.97999572753906
2023-06-16,124.7610926446572,98.97742924162736,150.95324484810885,128.72999572753906
2023-06-20,121.66786350226552,94.89796224014628,146.6842602083346,124.2300033569336
2023-06-21,120.72123559825565,95.17726047080798,145.87843956542218,121.06999969482422
2023-06-22,120.26240211547423,94.49801740994826,145.40990826495994,120.4800033569336
2023-06-23,119.8880108883563,92.76144521938795,147.29006396256707,118.5
2023-06-26,119.54515544979274,91.45843498772473,145.69176964483154,120.41000366210938
2023-06-27,119.35909634030061,92.65619805747187,145.05215643141509,120.66999816894531
2023-06-28,119.08808367645818,93.18719318658894,145.37389555967079,123.0
2023-06-29,119.29110440523132,93.5640811915342,144.26122218118442,122.11000061035156
2023-06-30,119.55274439791343,96.52006882573055,147.23210651930617,121.5
2023-07-03,120.86644275274004,94.59831349373847,147.01919758919354,121.7300033569336
2023-07-05,121.24082053397012,94.11654815471574,148.5667680394433,123.54000091552734
2023-07-06,121.76939639558901,97.30227810185167,149.30181303328834,118.29000091552734
2023-07-07,122.29746022559854,96.50247601258253,147.45939683563952,118.87000274658203
2023-07-10,124.09287157683397,96.10374793561063,148.38505796837975,123.08999633789062
2023-07-11,124.42599930162918,97.33476977598868,151.99443557125537,122.12999725341797
2023-07-12,124.58269105352223,97.49808528409024,150.88237964280816,125.91999816894531
2023-07-13,125.1287491762264,97.2934097683315,152.19270504227907,126.61000061035156
2023-07-14,125.65737543361881,98.94450062367041,150.7862008487577,121.3499984741211
2023-07-17,127.41767290155062,101.55192210971661,153.284841934717,122.5999984741211
2023-07-18,127.74319440550228,101.17418410082762,154.55720078353656,122.61000061035156
2023-07-19,127.8990521426206,100.84974213832929,155.18543795113644,125.16999816894531
2023-07-20,128.45144998571064,103.04312873213476,152.7228474991055,124.7699966430664
2023-07-21,128.9922532788707,105.66421592615012,156.37146442873245,126.43000030517578
2023-07-24,130.78539250835385,103.26446879411476,156.5201148787421,123.01000213623047
2023-07-25,131.1001748787585,105.75829255814936,157.3189586690499,121.87000274658203
2023-07-26,131.2212015206409,105.85584155529119,157.75554290022868,120.6500015258789
2023-07-27,131.7055288846909,106.0226078468734,158.16897580593798,118.51000213623047
2023-07-28,132.1355709133383,107.31765707796558,157.64466863304295,118.66000366210938
2023-07-31,133.2495950364348,108.60221646219073,160.18890179370936,117.66000366210938
2023-08-01,133.19630062333468,106.33490618363655,161.11431062885862,113.94000244140625
2023-08-02,132.86879373124802,106.05133143375042,156.96973244620534,110.22000122070312
2023-08-03,132.82117751443633,105.8794992787723,160.1283784496919,109.94999694824219
2023-08-04,132.79484418182585,107.74595013410122,160.88400117739255,108.19000244140625
2023-08-07,132.06666664367194,106.8068469659214,159.0778786722412,101.19999694824219
2023-08-08,131.2653685572966,106.1729298829888,158.07596937600562,99.73999786376953
2023-08-09,130.14130505793244,102.78011564432593,157.21702797624985,101.81999969482422
2023-08-10,129.26324557731152,103.44741317979123,157.51695492749,100.27999877929688
2023-08-11,128.22964836099766,100.9512485508141,152.02385273220983,101.48999786376953
2023-08-14,124.56644798019397,99.3990720071102,150.867615232445,100.0
2023-08-15,122.88326527571797,95.8020900759241,152.2767498177688,96.41000366210938
2023-08-16,120.95959366954897,93.31867820079187,146.06241622758822,98.91999816894531
2023-08-17,119.38361348707764,92.81666676863806,145.20300299268504,106.23999786376953
2023-08-18,117.77171203512462,91.73461171583862,143.74946905054608,101.62000274658203
2023-08-21,113.23702537625292,87.60285126432233,141.14520108900535,111.08000183105469
2023-08-22,111.58519898347332,84.85367281885571,137.16472109739226,116.23999786376953
2023-08-23,109.86219987892855,84.78507949776701,137.69824834597756,115.45999908447266
2023-08-24,108.65547745708837,83.36205531437203,135.2034119563601,112.6500015258789
2023-08-25,107.57663396993951,81.52744970441593,133.6528010776608,111.93000030517578
2023-08-28,105.51584395714382,80.36847283856187,131.77494651731786,113.83000183105469
2023-08-29,104.92534726753797,79.16623869285007,132.44015398560362,115.98999786376953
2023-08-30,104.34627593066087,77.4341030072011,128.73762446432366,116.62000274658203
2023-08-31,104.3405864560522,76.56258506214397,129.96020198693776,113.06999969482422
2023-09-01,104.49248361054086,79.51049405201042,130.32044482768399,112.55999755859375
2023-09-05,106.48455531265728,81.32167097068992,134.04869259196045,109.36000061035156
2023-09-06,106.85521496724024,81.05479476119808,134.86617058967383,108.23999786376953
2023-09-07,107.66360509110689,80.29156782547992,132.96981673018774,108.3499984741211
2023-09-08,108.4729048369335,80.31113404027789,133.7899983729272,107.63999938964844
2023-09-11,110.87288192637878,84.83545610668814,135.56066091373782,105.80000305175781
2023-09-12,111.24296975253425,84.9453135486611,137.41596835275638,105.23999786376953
2023-09-13,111.31339903450396,86.8680776396057,138.94919053259034,108.58999633789062
2023-09-14,111.62792034402356,85.32090056721887,136.2203452406791,112.80999755859375
2023-09-15,111.76041931431708,85.72185702192971,137.50488407406215,114.58999633789062
2023-09-18,111.20689064443744,83.87961801089475,136.51674832072334,104.13999938964844
2023-09-19,110.3624176603751,83.92334290637918,133.6718133835022,106.73999786376953
2023-09-20,109.14982447109747,82.309959559362,135.031232576671,103.52999877929688
2023-09-21,108.144008730364,81.36187106260222,133.9609282370256,100.2300033569336
2023-09-22,106.95105798139562,79.53828440410287,133.4118142357022,99.98999786376953
2023-09-25,102.71094152419774,76.69276143370095,129.11554429575403,98.16999816894531
2023-09-26,100.83468939138405,75.21103981693216,126.84179252629998,98.12000274658203
2023-09-27,98.73319451507285,70.60669594773826,124.10741399467197,99.44000244140625
2023-09-28,97.00291725309931,67.75517930578579,122.14180329783873,100.2699966430664
2023-09-29,95.26730933915879,69.22237355815015,122.49477782572686,103.29000091552734
2023-10-02,90.68888911303993,61.74104932365827,116.59084218333207,103.30999755859375
2023-10-03,89.10573989282572,63.63543431255657,114.81026800371133,103.08000183105469
2023-10-04,87.49137591307269,62.676230837212394,114.97768146275338,104.26000213623047
2023-10-05,86.42933127929773,60.31635774555272,112.61284025722695,102.97000122070312
2023-10-06,85.52550106005248,60.596229664021884,111.88647300076867,103.87999725341797
2023-10-09,84.09240589179797,57.758379797391584,112.19850943327329,101.83999633789062
2023-10-10,83.71352997745825,57.31365814089929,111.31618497362862,104.43000030517578
2023-10-11,83.329900099969,57.10577484435327,109.79435075119193,102.76000213623047
2023-10-12,83.49299116236541,57.20722478891781,110.41905015541457,100.77999877929688
2023-10-13,83.77705754978516,56.96931781696252,110.64755798579264,98.30000305175781
2023-10-16,85.39185658842413,58.61471576241811,110.94919229262263,91.94000244140625
2023-10-17,85.77306082831039,61.61170401576115,113.22455988206096,86.33000183105469
2023-10-18,85.98873951581207,60.41529715777028,113.2496916612544,86.01000213623047
2023-10-19,86.57732071713018,60.18653237016968,112.7457556983504,82.37000274658203
2023-10-20,87.10500004225904,58.734353958518724,114.29667651941739,80.4000015258789
2023-10-23,88.3571990000245,60.17843885165574,112.9978230460339,78.63999938964844
2023-10-24,88.27833222365692,62.165281335709516,115.57248982699556,79.76000213623047
2023-10-25,87.88924483765211,60.783904996318945,114.33715651357734,76.76000213623047
2023-10-26,87.74985512003418,61.67739731258858,115.48901790827982,75.9800033569336
2023-10-27,87.45144214718556,61.34406768575088,112.40754730603102,71.91000366210938
2023-10-30,85.92638821823441,60.12370256296638,114.0121828172217,74.06999969482422
2023-10-31,84.92604362763778,59.139866126121106,112.41973131152892,75.95999908447266
2023-11-01,83.6702589787622,57.16615721908824,110.17855661563078,76.19999694824219
2023-11-02,82.7491222699317,56.60375832897106,106.86327720872728,71.2300033569336
2023-11-03,81.78196158161835,55.7080726017729,108.46688384977398,77.52999877929688
2023-11-06,79.16167845838751,53.806952697899135,105.59603055279655,72.06999969482422
2023-11-07,78.15738321706016,52.14299133691091,107.39640507484843,73.66000366210938
2023-11-08,77.09514466926575,49.18731064622902,103.13721325393402,71.33999633789062
2023-11-09,76.56747876665295,50.674801409714775,101.8728239788254,69.51000213623047
2023-11-10,76.19080556419405,51.284596047621314,102.14221210426918,70.05000305175781
2023-11-13,76.41721499086071,49.3440596330275,102.81005213748877,70.20999908447266
2023-11-14,76.66070477506918,49.30873429887094,105.5711485530958,74.0999984741211
2023-11-15,76.95558840221473,51.822239794000375,102.69244670419165,76.3499984741211
2023-11-16,77.86538034982624,50.766307055774185,104.34679826888595,76.55000305175781
2023-11-17,78.97521909912561,51.52695519888771,105.94900398875915,76.44000244140625
2023-11-20,83.62564594067653,58.00653167145796,110.41566946816408,78.95999908447266
2023-11-21,85.22227950447511,59.951597960739434,111.8189177803683,77.13999938964844
2023-11-22,86.75776148228088,60.38034507932024,113.22492567248003,78.16999816894531
2023-11-24,90.81399099646569,64.43611485573234,115.47373245106073,78.5199966430664
2023-11-27,97.10551338504209,70.07365202907476,123.4541285296373,77.72000122070312
2023-11-28,99.0331492402276,72.2878806032609,126.35733027554068,78.18000030517578
2023-11-29,100.68048901996632,72.05317096226136,126.16951589347936,79.01000213623047
2023-11-30,102.58742922916343,76.80576395124038,129.69128289028865,77.69999694824219
2023-12-01,104.32370475791886,78.64270514547178,130.41632767131273,79.83000183105469
2023-12-04,108.60304545135462,83.28282446788519,134.86531161952223,79.87000274658203
2023-12-05,109.3592572279707,81.16793280146555,135.77945592574514,78.27999877929688
2023-12-06,109.73244171812036,85.18410518164819,136.66215361518974,80.5999984741211
2023-12-07,110.29097967447004,83.7744108392557,135.7126258253833,79.94999694824219
2023-12-08,110.63401295887799,85.14307814049133,135.34639960575623,80.31999969482422
2023-12-11,110.7564844662544,87.24930755381257,137.45650950834832,82.0
2023-12-12,110.22614087635635,84.01248333694897,135.24076864055579,78.04000091552734
2023-12-13,109.40276315098826,82.66057241371762,135.69968112726835,78.5999984741211
2023-12-14,108.87464261013436,83.00019499033127,136.55935769642267,85.87000274658203
2023-12-15,108.25728516903698,81.88926659738759,134.14131846836347,86.01000213623047
2023-12-18,106.36081661061178,79.87915894983483,134.1101432148646,85.41999816894531
2023-12-19,105.45925028189279,79.67466845408195,131.2898999005878,89.08999633789062
2023-12-20,104.41255563954489,77.52759443687613,132.04549501030343,86.19000244140625
2023-12-21,103.8015396999093,77.53837378550264,131.51951433811354,91.16000366210938
2023-12-22,103.23087497708073,75.25369582792742,128.75843539008133,94.88999938964844
2023-12-26,101.60821003581748,75.89059584456885,128.32214295331536,97.33000183105469
2023-12-27,101.01088102046558,73.5328242686244,127.99471032080767,100.7300033569336
2023-12-28,100.87227177006218,74.02413389403397,128.09753797720097,98.79000091552734
2023-12-29,100.77793587552034,75.70815883636482,128.34506249142248,99.44999694824219
2024-01-02,100.76976110835648,72.9445876324813,126.43788515647219,112.5
2024-01-03,100.4401128132246,73.81065332307402,127.2018933558004,108.58000183105469
2024-01-04,100.49901444029304,74.79572498123338,127.7692732031941,108.66000366210938
2024-01-05,100.52937626150167,75.56778698575336,125.70714715979129,111.12000274658203
2024-01-08,100.63978748892397,75.30802840695817,125.09035192975692,115.44000244140625
2024-01-09,100.34261641791556,75.05174988787418,127.97712401276515,110.18000030517578
2024-01-10,99.83465276938415,75.95171554278608,127.79491441148753,109.45999908447266
2024-01-11,99.68338481292372,74.08759039820605,127.06491642726075,106.79499816894531
2024-01-12,99.48500412137025,74.28285065249071,128.13243782325736,105.94999694824219
2024-01-16,98.47398600938203,70.55527391594042,124.3084869248635,102.16000366210938
2024-01-17,97.84722328279156,69.99250215365612,125.3064144812835,100.3499984741211
2024-01-18,97.63339847732829,71.12226752928217,123.62778652097201,99.06999969482422
2024-01-19,97.43596909970802,67.94645251696774,124.99504813380584,99.69999694824219
2024-01-22,97.3065007275664,71.2359019644413,124.68814790001912,99.69999694824219
2024-01-23,97.12003534532887,70.92677681018277,122.3250617105095,101.91999816894531
2024-01-24,96.83017369338017,70.0216192610966,123.0575403601956,101.11000061035156
2024-01-25,97.00531928318875,70.92848738137798,121.00681935033768,102.80999755859375
2024-01-26,97.2381587132532,70.37819769593725,124.10061814316339,101.80999755859375
2024-01-29,98.51326029849193,73.06745895897609,121.90517257758547,104.83999633789062
2024-01-30,98.78249538948113,72.47458343162641,125.39413850903045,102.47000122070312
2024-01-31,98.91572861998073,71.45932290699628,123.86580757909307,101.05000305175781
2024-02-01,99.46594152531836,70.52304462677718,127.02863222222331,99.0199966430664
2024-02-02,100.01138829381475,74.15492566176759,125.81005595252046,97.5
2024-02-05,101.73010163215802,75.01681194262494,127.8273990403072,95.48999786376953
2024-02-06,101.95383422932363,76.44082502009954,128.50585217516596,100.02999877929688
2024-02-07,101.93728978687234,76.45552242031386,128.70324937769482,99.30000305175781
2024-02-08,102.23339657435646,76.13618495400283,127.20589521051991,93.66000366210938
2024-02-09,102.42349773675667,74.21659315861542,130.31865236796526,87.41000366210938
2024-02-12,102.54558792701643,75.21474349167472,129.32646875484858,89.0
2024-02-13,102.09992573944442,75.42593449533338,129.71145534459436,85.37000274658203
2024-02-14,101.37122252644372,75.69470497257967,127.0183350456239,85.94999694824219
2024-02-15,100.930663413913,74.08481073994061,125.90645620178695,91.13999938964844
2024-02-16,100.37901471523836,74.28351603318,127.51705502083794,88.37000274658203
2024-02-20,97.43608593482548,70.96006672252,124.50684893416539,86.98999786376953
2024-02-21,96.23366154472936,69.24402255268976,124.83092088102588,87.58999633789062
2024-02-22,95.4242918699832,70.47537738567725,122.21946337184218,99.44000244140625
2024-02-23,94.62099148704084,66.75665550463023,120.07701808360102,96.45999908447266
2024-02-26,92.71254108753071,67.99435344599719,120.28188285523225,94.0199966430664
2024-02-27,91.98024071901833,64.64160876304554,118.05682864525126,96.19999694824219
2024-02-28,91.18513267138181,66.26266462637304,118.35287455087362,97.4800033569336
2024-02-29,90.90542071641825,64.26757246753658,118.07338369862853,92.23999786376953
2024-03-01,90.74309674940639,65.04582797677,118.23847130728824,95.05999755859375
2024-03-04,91.27316391399789,65.66133539491717,116.3111845700493,96.0
2024-03-05,91.46366273257905,64.60968784631125,117.17204339002656,95.55999755859375
2024-03-06,91.61156329935378,63.50385604533647,118.22277802282676,98.0999984741211
2024-03-07,92.27308693113892,64.63169532657847,118.55768737052571,99.4800033569336
2024-03-08,93.02832215237717,67.83996635796436,117.34637058719144,103.02999877929688
2024-03-11,95.96346470144672,71.14199410599998,122.62694740418202,111.9800033569336
2024-03-12,96.7796036776115,70.57743502990034,122.17563402891243,110.43000030517578
2024-03-13,97.44088145556644,70.15937514149469,125.09893279347794,106.51000213623047
2024-03-14,98.49331825284074,72.0215512632947,124.06471142990466,103.45999908447266
2024-03-15,99.5100967292793,74.46648343788807,124.29117177681636,103.8499984741211
2024-03-18,102.43677889110384,78.62157730098826,128.88360424406864,104.26000213623047
2024-03-19,102.99750393989711,78.01199108341852,128.6666708259698,105.11000061035156
2024-03-20,103.29119317502506,75.83586372813585,128.7483390461277,103.08000183105469
2024-03-21,103.87674763274191,78.48142551315543,130.8734138296736,104.08999633789062
2024-03-22,104.34265740369703,78.42083318864137,130.95272076883666,105.43000030517578
2024-03-25,105.29231527818048,77.47966007371022,131.13565486173673,110.37999725341797
2024-03-26,105.15080063931624,80.19617902338042,131.78569650394397,107.41000366210938
2024-03-27,104.75364828877899,79.28366297744033,132.972934240869,110.58999633789062
2024-03-28,104.67871071106615,79.42796311824027,130.90474725401597,106.55999755859375
2024-04-01,104.0783650128177,78.09634052193518,129.9253866956251,105.5999984741211
2024-04-02,103.64992501482168,77.69607480628393,129.65355270401642,103.61000061035156
2024-04-03,103.06705794621813,76.25768561749864,131.20368739800793,101.20999908447266
2024-04-04,102.90936192352733,77.71175203248937,131.07788808230057,102.2699966430664
2024-04-05,102.78149557722931,76.21098180609071,129.42049269849758,102.87999725341797
2024-04-08,102.93308481238626,77.33588377383286,130.17224070365407,105.08999633789062
2024-04-09,102.85599368356708,74.71419310548366,130.06042084046678,111.5999984741211
2024-04-10,102.67699924601663,75.06835707197992,129.75531759160884,107.13999938964844
2024-04-11,102.95991945237144,78.0163104981546,129.92291135895746,107.01000213623047
2024-04-12,103.2927072068847,75.20804187413944,129.08525852529402,105.13999938964844
2024-04-15,104.7767272367148,78.1331462579241,130.72787471509733,103.86000061035156
2024-04-16,105.07350095970298,78.13599497056201,132.05096436571765,103.79000091552734
2024-04-17,105.20951616370328,78.88537608346124,130.6457306656017,103.44000244140625
2024-04-18,105.73720374280711,77.36334698092865,132.18197846490162,102.0
2024-04-19,106.23554378144274,77.30622699714611,133.05728702279578,101.41000366210938
2024-04-22,107.69258232883008,82.0095370163886,135.29075746446097,104.45999908447266
2024-04-23,107.80440906754733,81.69318771470773,134.6568524493975,107.88999938964844
2024-04-24,107.67418511355181,79.91892323213933,134.23811030747257,108.8499984741211
2024-04-25,107.86255012668589,81.13331867493132,133.64919656525117,106.18000030517578
2024-04-26,107.95917352231038,82.26700059965134,136.50063213490313,107.97000122070312
2024-04-29,107.97338903961855,78.9238378492971,132.91376670602742,111.62000274658203
2024-04-30,107.57752787698301,82.56202440246524,134.7134604877865,110.30999755859375
2024-05-01,106.9542334327428,81.32808738950679,132.8145829675126,111.45999908447266
2024-05-02,106.68090415919609,81.19646080407428,132.82387803780207,125.58999633789062
2024-05-03,106.36321435661115,81.50310528583826,131.0671937996681,125.0
2024-05-06,105.5573197268193,80.0077475969702,132.96953370012085,122.12999725341797
2024-05-07,105.06505959513228,80.13610475841017,130.31619334716575,121.06999969482422
2024-05-08,104.44558010748487,78.23349047848866,131.6191296524271,121.88999938964844
2024-05-09,104.27902705434113,76.36546125722194,131.60980373070853,122.69000244140625
2024-05-10,104.17077295639022,76.51740024400344,128.3580520185823,117.30999755859375
2024-05-13,104.56068708672694,79.80940535718779,129.55260009486503,125.66999816894531
2024-05-14,104.62583378342728,78.93965766554183,131.28378940429187,128.32000732421875
2024-05-15,104.62173513088614,78.82862474343541,131.95071298065022,129.05999755859375
2024-05-16,105.1126573818317,76.99415413709961,131.56895736957668,132.67999267578125
2024-05-17,105.68667720408112,79.15131449542176,132.95203061945415,132.89999389648438
2024-05-20,108.08845503674152,82.85881101186824,135.85136528312898,141.00999450683594
2024-05-21,108.41796942269532,81.7551801797995,134.06476327530208,143.69000244140625
2024-05-22,108.61309365420493,81.66064603178518,133.37587316322737,163.3300018310547
2024-05-23,109.22301801668857,83.92760103259181,138.01049801716928,164.00999450683594
2024-05-24,109.82280592115063,84.16224749327903,134.95062248638595,166.61000061035156
2024-05-28,111.88891914975117,85.74560480374515,137.65952321955868,153.1999969482422
2024-05-29,111.87588168686435,87.26492329867924,139.09153256626539,147.9199981689453
2024-05-30,112.16511860755665,86.77275038614353,140.23755888037581,151.49000549316406
2024-05-31,112.33913565197884,86.21020925021685,138.4975009299029,142.5500030517578
2024-06-03,112.37330657329302,84.42077738136523,140.33218635522698,147.82000732421875
2024-06-04,111.89070090893932,85.0815436638258,139.46980963314942,145.33999633789062
2024-06-05,111.12373358960171,84.47817055029758,137.57993251562112,154.83999633789062
2024-06-06,110.64463689459465,83.55907783602733,137.44400763146191,154.69000244140625
2024-06-07,110.05476395574749,85.19863896353033,135.66624477783827,151.00999450683594
2024-06-10,108.00582736177856,81.02335366982356,132.4100104352482,148.58999633789062
2024-06-11,106.95348377038297,80.05876660690687,132.71799602084548,148.38999938964844
2024-06-12,105.70239846244814,79.01943716737988,131.14533916252356,147.72000122070312
2024-06-13,104.83549111723248,80.38894985368715,129.9938623356836,145.22999572753906
2024-06-14,103.96223192403417,77.20803733342618,130.1913563085054,140.02999877929688
2024-06-17,101.72936775445628,75.16645022709447,127.15560053873772,137.89999389648438
2024-06-18,100.83697418406523,75.19740359982852,128.795387569259,133.27000427246094
2024-06-20,99.34129995909021,72.89846907438431,127.00406990598388,134.39999389648438
2024-06-21,98.9123764642959,71.83550636989916,127.37419376173449,133.39999389648438
2024-06-24,98.40091401025612,71.86046544903945,125.44305410246704,137.0
2024-06-25,98.1653278947179,71.55396633183904,125.17813212688723,137.60000610351562
2024-06-26,97.8517094098418,71.99400346490583,124.67550745768719,122.44999694824219
2024-06-27,98.02072724077695,70.16816535765024,124.81700949778855,121.18000030517578
2024-06-28,98.25828168893293,70.51078246393031,123.99828414685352,118.75
2024-07-01,99.56649656706242,74.47220202787108,125.3596854843647,115.94999694824219
2024-07-02,99.84688152448092,73.84564033328323,126.82566345656925,117.06999969482422
2024-07-03,99.99336587992877,73.30158372216873,125.98652518136846,115.94999694824219
2024-07-05,101.1415009049505,73.15024432611355,124.78838645318595,118.31999969482422
2024-07-08,103.12570982951019,77.28637065606425,127.77889742030663,116.44999694824219
2024-07-09,103.52975084571972,76.93390095895951,128.62235519019347,116.06999969482422
2024-07-10,103.7589980656559,77.56365503912104,129.6026339968748,117.44000244140625
2024-07-11,104.37803311219638,78.48152507417093,131.47982126294934,122.81999969482422
2024-07-12,104.97904570442395,79.7573699535847,130.8644156714841,121.45999908447266
2024-07-15,106.94691864681174,80.2995993483543,133.23737545499938,121.4800033569336
2024-07-16,107.3379966799739,82.68051021351113,134.1255992945881,125.13999938964844
2024-07-17,107.5582062451057,82.24270495861114,134.39143200929988,124.05500030517578
2024-07-18,108.1746094883926,81.21413444939915,133.27420456287263,121.31999969482422
2024-07-19,108.78022539318056,80.13544027175706,134.49605461573603,121.13999938964844
2024-07-22,110.78769805006894,85.38957850928217,137.77227827464125,122.5
2024-07-23,111.1863427411055,82.97340835878443,136.8787431192917,121.25
2024-07-24,111.40047799105186,84.61134453633612,137.57227368316052,118.19000244140625
2024-07-25,111.98891048974056,85.92053285599766,139.07192316563615,120.4000015258789
2024-07-26,112.53564653937008,86.45002322452619,140.3126340577145,122.11000061035156
2024-07-29,114.08726897744505,87.7212648718412,138.7122799301931,122.16999816894531
2024-07-30,114.21122789680363,88.96535222063768,139.19519574840857,118.83999633789062
2024-07-31,114.07669704974079,86.95407873934799,140.31349289653286,119.22000122070312
2024-08-01,114.23707062364792,89.14052684726065,141.31905708915258,94.16999816894531
2024-08-02,114.27287180935834,88.1187644830696,140.63011858239489,86.58000183105469
2024-08-05,113.79417943587288,86.88797816310473,139.2828220269777,83.75
2024-08-06,113.08822158994526,86.07086118395765,138.84220605111818,82.30000305175781
2024-08-07,112.06019870336249,85.67626266779511,137.51945587411387,81.55000305175781
2024-08-08,111.27521631172691,83.15297760609943,137.25749707532685,84.31999969482422
2024-08-09,110.3279036143387,84.49136749565284,137.35153384343488,84.93000030517578
2024-08-12,106.8441687772304,81.23097818192822,133.6858612971471,81.29000091552734
2024-08-13,105.18210623173142,77.56395120018287,131.94776739341114,82.9000015258789
2024-08-14,103.25478172948063,76.91761974270102,129.15181255050754,82.25
2024-08-15,101.64775696067811,75.54768186861077,129.66713341850456,86.62000274658203
2024-08-16,99.9753533092396,73.61452708872125,125.75462219013292,86.83999633789062
2024-08-19,95.07155499859454,70.26196383745082,120.97151706985936,89.95999908447266
2024-08-20,93.23415419036941,65.86851119314017,119.5812835183581,86.94000244140625
2024-08-21,91.29620818577808,64.51658252396895,118.61884061207417,86.6500015258789
2024-08-22,89.84743879291383,62.600786758556865,116.6378147800065,81.04000091552734
2024-08-23,88.5024358208959,61.712772388901755,114.557723130695,82.44000244140625
2024-08-26,85.53776493967395,60.758628234220474,113.61178785063814,81.66000366210938
2024-08-27,84.62644967455836,58.941109686542994,111.58152754891837,78.9800033569336
2024-08-28,83.72548119127964,57.70062966324066,110.09139635854525,78.36000061035156
2024-08-29,83.40229204983196,57.111906976923905,110.83982542173328,77.58999633789062
2024-08-30,83.2465506184565,57.907491573065506,110.80447970621128,77.4000015258789
2024-09-03,84.20774180328699,58.102797159520556,111.12321440185353,72.94000244140625
2024-09-04,84.3919670950666,59.64210656687159,111.58068408964095,72.48999786376953
2024-09-05,85.04876919474817,58.87335113313386,110.97064987694328,73.44000244140625
2024-09-06,85.74311973639516,59.549370274458184,112.10167547641664,72.88999938964844
2024-09-09,88.02244995996666,61.538304685505,113.16618574829872,76.61000061035156
2024-09-10,88.42386802606083,61.4545702083811,116.09053195706109,79.27999877929688
2024-09-11,88.55753617192953,60.04483768133952,114.56525619318184,79.51000213623047
2024-09-12,88.96362280307012,61.88242465251066,114.83091780771126,69.68000030517578
2024-09-13,89.21169776180464,60.92319332247956,114.4470602234117,68.27999877929688
2024-09-16,89.09713135057676,60.95251435603109,115.04970907405743,69.16999816894531
2024-09-17,88.41048076197114,63.52101537827149,118.17452223092572,71.98999786376953
2024-09-18,87.35137048193461,61.06478582231426,113.95698263891249,69.86000061035156
2024-09-19,86.4886889824767,59.68239303254506,112.85236716818092,68.0199966430664
2024-09-20,85.42276387617756,62.21760751709456,111.38115313357498,65.69000244140625
2024-09-23,81.41630232577374,54.80577286085803,107.80394413828267,64.13999938964844
2024-09-24,79.55506539254867,52.096368372093515,107.39976230390279,63.939998626708984
2024-09-25,77.43226499823643,50.83703585748635,104.0640630121255,63.63999938964844
2024-09-26,75.6427886646006,49.53688186224468,100.18217286675193,63.93000030517578
2024-09-27,73.80949134956835,46.97583261067202,101.16906597659,65.75
2024-09-30,68.61892306612928,41.83037120081547,94.36409490410834,66.83000183105469
2024-10-01,66.76536215000783,39.88715816827989,93.74748863867703,63.93000030517578
2024-10-02,64.85339474100216,38.82468138904076,90.84808393522962,63.15999984741211
2024-10-03,63.471243776465954,37.446276040731874,89.30076097186773,61.06999969482422
2024-10-04,62.23005503613144,36.45136833679521,89.02645420265517,60.20000076293945
2024-10-07,59.73924978826259,34.53146612087405,86.22366992369093,58.720001220703125
2024-10-08,59.012571497342314,32.67956593994351,85.95310011343699,58.38999938964844
2024-10-09,58.293286749366395,34.54288182608903,85.09419350946695,58.86000061035156
2024-10-10,58.13825747104458,31.43076209779113,82.7394848771517,56.83000183105469
2024-10-11,58.12660152867881,31.13523705808176,84.92510235135644,58.290000915527344
2024-10-14,59.02675379560458,30.173613835668064,86.12127209774206,57.72999954223633
2024-10-15,59.23575810711335,32.76886223615086,84.84214100027623,57.310001373291016
2024-10-16,59.31415520138161,32.27048613618898,83.89742900068246,57.459999084472656
2024-10-17,59.80003859494623,35.26915652111836,86.97582637807804,54.81999969482422
2024-10-18,60.258282561493424,33.36828468137932,87.6671910498635,54.099998474121094
2024-10-21,61.47467838512165,33.89381915883036,87.45003014055388,53.79999923706055
2024-10-22,61.42828226304482,33.42255036925231,90.11269729474728,53.400001525878906
2024-10-23,61.085661178981454,34.986148090823015,87.09947330242689,53.38999938964844
2024-10-24,61.00109169531067,35.87134959017194,86.43788362396134,52.79999923706055
2024-10-25,60.75994368178664,35.20425456671928,85.76487127530486,53.09000015258789
2024-10-28,59.361668585863015,32.3378780656168,85.01334160804667,54.79999923706055
2024-10-29,58.3696297349742,30.113329224956942,83.689938070079,55.220001220703125
2024-10-30,57.096719821694435,30.71969713699318,81.75873679339679,54.720001220703125
2024-10-31,56.1288645707652,29.89024354497051,82.02249546206718,54.36000061035156
2024-11-01,55.082005842518555,28.002572299321457,80.96488823343824,54.630001068115234
2024-11-04,52.00434140721941,24.13414079424595,77.67910586367698,53.540000915527344
2024-11-05,50.77287918734806,23.90992118803823,77.03804386050533,53.290000915527344
2024-11-06,49.447643284542,22.286877405209463,78.32594625716091,51.810001373291016
2024-11-07,48.623524605415824,21.50864040086273,74.79834254852942,50.279998779296875
2024-11-08,47.92021963159194,21.76720331542418,73.39320294690069,46.83000183105469
2024-11-11,47.03002487681113,19.131928105363613,72.2892476516793,42.75
2024-11-12,46.87357353332077,20.66207004415584,73.20428738558563,43.470001220703125
2024-11-13,46.7645964845102,22.487310680108873,72.0811229481723,42.13999938964844
2024-11-14,47.27287851526784,20.93144624699795,73.86937612090792,39.77000045776367
2024-11-15,47.98980447944693,20.380782431556476,75.80864944928692,36.849998474121094
2024-11-18,51.57187137179356,24.438874341036115,79.37974693740324,39.5099983215332
2024-11-19,52.86652604938642,25.766946621600386,78.18698947766335,37.290000915527344
2024-11-20,54.134195889457615,29.326278267488984,78.95529252106233,36.939998626708984
2024-11-21,55.913912742731824,27.358662903296402,82.04182709214454,38.25
2024-11-22,57.768764005565416,30.743165844683297,83.75306159193032,41.11000061035156
2024-11-25,63.73153322562451,37.45500837144488,90.35704976725903,43.65999984741211
2024-11-26,65.4188486799992,40.94668903099513,92.13616874345536,42.04999923706055
2024-11-27,66.86221503807707,38.27258604221513,93.57723991912941,43.38999938964844
2024-11-29,70.19283719052407,43.37088022124008,98.57298638144059,43.060001373291016
2024-12-02,74.1743346878885,47.39417659955624,99.71870120448763,44.2599983215332
2024-12-03,74.85606754596819,49.307858590461855,100.20806096109362,42.58000183105469
2024-12-04,75.15796273140752,50.01455367035437,100.53518983747034,41.630001068115234
2024-12-05,75.64294028446548,50.81603840426673,101.60900617254221,42.939998626708984
2024-12-06,75.90492036277217,49.58859428344536,100.8712843309141,44.439998626708984
2024-12-09,75.69324440060556,49.04932032593007,101.82795207240457,45.650001525878906
2024-12-10,75.00864023294254,47.06023385733191,101.2118559833871,41.5099983215332
2024-12-11,74.00496958357584,47.75348169805444,101.5160654696087,42.86000061035156
2024-12-12,73.26888998175755,45.84824108851394,98.66222184517048,42.81999969482422
2024-12-13,72.41505672312674,47.104163839224015,100.3449202241487,41.83000183105469
2024-12-16,69.64105201538898,43.73306539616325,95.47748044876359,41.84000015258789
2024-12-17,68.39548793067193,40.361257879296,95.24541882340209,40.7599983215332
2024-12-18,66.98287635732035,38.976129647692616,93.42341252075832,38.36000061035156
2024-12-19,65.98706568114156,39.497372645001526,93.1477171210684,39.560001373291016
2024-12-20,65.01612338607723,39.472251007153474,91.66658115840977,39.38999938964844
2024-12-23,62.63155090957895,38.38063200785584,88.63390471432216,39.59000015258789
2024-12-24,61.71131394270325,35.625009228420005,87.73784950801239,40.27000045776367
2024-12-26,60.136195438190796,33.31842851079622,86.40228840347324,40.43000030517578
2024-12-27,59.633726701703836,35.93913373207944,84.60989797107175,40.130001068115234
2024-12-30,58.63475358581818,30.692780835987282,85.0563842642196,39.380001068115234
2024-12-31,58.11465028452169,31.57762455045159,84.36870993121623,41.58000183105469
2025-01-02,57.17098563817422,31.320390369962997,83.65435901996875,42.0
2025-01-03,56.88393842113954,29.860339802512325,83.36089563601021,42.18000030517578
2025-01-06,56.09816253348643,26.892131596889385,82.04627213324754,42.56999969482422
2025-01-07,55.51331992650948,28.95877518906393,82.05735861149822,47.529998779296875
2025-01-08,54.71888881931297,28.776314929652067,79.14877213008107,43.16999816894531
2025-01-10,53.78919702514008,27.225745077401434,79.30997255998606,42.25
2025-01-13,52.31676431397898,24.699873585143596,79.24226647620775,35.150001525878906
2025-01-14,51.52379868339392,25.547462176673488,78.59367401720685,34.459999084472656
2025-01-15,50.55375445458434,26.15987271431898,78.62046082861583,34.77000045776367
2025-01-16,49.983062274555564,24.28218524795318,74.72804317089154,33.7599983215332
2025-01-17,49.41521102424075,23.0872928867223,75.27637938553727,34.060001373291016
2025-01-21,47.50075793009715,20.495133200960733,73.16846275087498,35.88999938964844
2025-01-22,46.79083733943031,20.781082754379273,72.72216583497996,38.5
2025-01-23,46.54260354403539,21.202106191389092,73.92757189820031,42.38999938964844
2025-01-24,46.351632319059185,20.132951453962324,71.22778599628016,41.40999984741211
2025-01-27,46.382859085545604,20.11216162638539,71.92420968187102,41.650001525878906
2025-01-28,46.25642865328983,18.70270103790942,73.88517712368689,44.939998626708984
2025-01-29,46.007883291935116,21.6361526983834,71.12710661129312,40.720001220703125
2025-01-30,46.19236899991144,20.72861761094322,71.23311064195171,41.040000915527344
2025-01-31,46.38987231834432,19.661301268571137,72.14413335887514,39.41999816894531
2025-02-03,47.181052528898434,19.225629427540422,74.3309320576831,36.54999923706055
2025-02-04,47.13472430834017,22.530175073935514,73.22431253807501,34.16999816894531
2025-02-05,46.866374127042405,20.73095192402781,72.277282687723,34.97999954223633
2025-02-06,46.92727785672169,20.526725169084834,71.4705174781624,33.61000061035156
2025-02-07,46.89659064613211,20.228838122245186,73.29882838938462,32.599998474121094
2025-02-10,46.414136690738886,19.815321361495002,71.77795161390424,31.8700008392334
2025-02-11,45.774961038732215,19.72618385713781,72.6789252122462,30.93000030517578
2025-02-12,44.85057471945263,20.636477728252686,72.08407684320757,30.53499984741211
2025-02-13,44.208356007053496,16.409217824453357,69.94108251004103,31.920000076293945
2025-02-14,43.4453453425266,18.003273949921898,69.31806565169981,32.9900016784668
2025-02-18,39.49411988335559,13.970386535500591,66.60966014027983,35.75
2025-02-19,37.9859442417916,10.13625842098875,63.19721188115468,35.900001525878906
2025-02-20,36.84599870026656,10.641523431061492,64.05711989526615,33.72999954223633
2025-02-21,35.686694953226905,9.79843496421753,62.97017293257382,35.529998779296875
2025-02-24,32.56159891969456,7.5857368878442015,60.83777882829378,33.900001525878906
2025-02-25,31.3787719019748,5.444711765992204,58.96974435722071,33.279998779296875
2025-02-26,30.114443060876358,5.107942619965713,55.7063663600214,33.58000183105469
2025-02-27,29.349881158365573,1.8808438658131081,56.422504679276365,31.09000015258789
2025-02-28,28.69056069492967,0.26637976118222867,54.75923959803072,30.959999084472656
2025-03-03,27.69581897396008,2.1953412526543863,56.544734598189414,30.270000457763672
2025-03-04,27.380459022907765,-0.895106552961609,52.826887127095134,30.3700008392334
2025-03-05,27.030489829590106,0.5911895806929616,53.99318677593364,35.209999084472656
2025-03-06,27.205934990453255,1.0450929758159948,53.625989939912806,34.29999923706055
2025-03-07,27.490360116437692,3.0802397328219158,54.99124140669277,35.61000061035156
2025-03-10,29.13270060900336,3.692108461307883,54.59473949109838,35.959999084472656
2025-03-11,29.564368968448985,2.4719464411563843,55.935771582907016,33.7599983215332
2025-03-12,29.866148885862927,3.376936453856884,55.12492903972157,35.0099983215332
2025-03-13,30.58411709315604,4.277458776343865,55.59030058204127,34.29999923706055
2025-03-14,31.290851089630436,4.705824228797166,58.52195116729848,34.619998931884766
2025-03-17,33.41857308575557,6.685644467628856,60.01885279273046,34.709999084472656
2025-03-18,33.74883448889965,9.049549674270711,60.421726837332855,33.810001373291016
2025-03-19,33.82493400762364,6.878567199784541,60.33224702895232,33.31999969482422
2025-03-20,34.20225371120998,7.974762417667228,59.080519200167394,32.45000076293945
2025-03-21,34.4655811702564,9.851606545910565,61.650096876141866,32.65999984741211
2025-03-24,34.80389262598413,6.916282528771475,61.09891686504016,34.16999816894531
2025-03-25,34.445478109597,9.519325468799673,60.66159069847198,33.849998474121094
2025-03-26,33.819555189439114,6.294077978401166,58.36706266929835,31.479999542236328
2025-03-27,33.50136654836875,7.955256527251624,58.73426871212946,32.119998931884766
2025-03-28,33.09490191491676,6.8948367490056395,61.18875674443621,31.1200008392334
2025-03-31,31.74917773670446,4.6962961744502145,57.833421786820885,28.350000381469727
2025-04-01,30.984634838031585,4.280801713762409,57.175527336282826,27.15999984741211
2025-04-02,30.04713226224535,3.587981481025778,57.23007000132673,27.719999313354492
2025-04-03,29.517637058255666,3.2399984128496295,54.35640998255801,25.729999542236328
2025-04-04,29.002686936249933,3.5021349554419503,54.642511390802916,25.110000610351562
2025-04-07,27.92632846913777,2.41991757743096,55.31127777897102,25.639999389648438
2025-04-08,27.427515120211147,1.543381724363836,51.852375267047854,24.639999389648438
2025-04-09,26.82592198481038,-0.7552872560382952,51.98741752826226,26.670000076293945
2025-04-10,26.688600332948763,0.5124835145296124,51.98498473835357,24.5
2025-04-11,26.60661948203948,2.029335095331488,54.05792291797001,26.200000762939453
2025-04-14,26.906601923575394,1.8397620644200163,52.4595594713222,26.799999237060547
2025-04-15,26.836102960883544,1.2720707399752853,52.83503331222199,26.239999771118164
2025-04-16,26.621058653684866,-1.279088438663719,54.303901993163706,25.190000534057617
2025-04-17,26.81461514586968,1.4944502756306588,51.26540013343584,24.71500015258789
2025-04-21,27.59733266602107,2.2566940098678816,52.67145454892735,25.1299991607666
2025-04-22,27.450859708218882,2.521246541919229,52.88019446792404,25.739999771118164
2025-04-23,27.072157891077367,2.5358501054593017,54.87818407659154,26.540000915527344
2025-04-24,27.01913182895463,0.2815655821809768,54.726973772546614,27.389999389648438
2025-04-25,26.878457670413233,0.9701462570471933,51.10519038875673,27.219999313354492
2025-04-28,26.17350947828835,-0.8578285708470229,53.001433138685776,27.459999084472656
2025-04-29,25.524949740300286,-1.5700181773949484,51.720265726463204,27.81999969482422
2025-04-30,24.637563200262885,-1.9849150987336819,50.062021658702086,28.540000915527344
2025-05-01,24.086223036484977,-4.288462132000479,49.32611271639814,27.030000686645508
2025-05-02,23.474471892704855,-2.6352605076662896,50.792686560673566,27.610000610351562
2025-05-05,21.676002012460774,-6.973379158307081,48.91002665140697,27.84000015258789
2025-05-06,20.814105117322935,-5.7247570417515945,46.9027267199085,24.43000030517578
2025-05-07,19.806043850894344,-8.229880329303057,45.270236019430634,24.059999465942383
2025-05-08,19.23309014469892,-8.557234426045726,43.25410678031606,24.3799991607666
2025-05-09,18.702283116453966,-8.412223142098453,44.1196828982091,24.25
2025-05-12,17.75135126852205,-7.731420547320105,43.092189756536015,25.700000762939453
2025-05-13,17.354939624648058,-7.98594871670582,42.65807667452596,25.489999771118164
2025-05-14,16.887519766635567,-11.034961643292087,42.933518111534255,24.020000457763672
2025-05-15,16.916876575128782,-11.731747713709167,43.18269467957226,23.649999618530273
2025-05-16,17.03459547825981,-9.792866496586951,41.62489579449471,24.860000610351562
2025-05-19,18.131920146194734,-7.527713658956075,44.71183655451526,26.389999389648438
2025-05-20,18.391082095532333,-9.724772783283026,46.37443221701098,27.989999771118164
2025-05-21,18.535177394231273,-8.65808947076623,44.59366215238677,25.799999237060547
2025-05-22,19.114946614844794,-9.44376523679607,46.70987275403182,26.719999313354492
2025-05-23,19.706448636258298,-6.337253482648343,45.31853623810989,26.260000228881836
2025-05-27,21.957493445397265,-3.2499740239796253,50.25334433214896,26.760000228881836
2025-05-28,22.039994947125813,-3.2589945880835622,48.62038975277513,26.049999237060547
2025-05-29,22.44055084063112,-3.93068351486562,47.081534720001045,26.93000030517578
2025-05-30,22.738912634819073,-3.5548676289439647,49.794800068381335,26.559999465942383
2025-06-02,23.192245169657205,-2.8633928719240407,49.728916458631566,27.049999237060547
2025-06-03,22.853191761753386,-2.329043424248777,48.80540034825621,27.809999465942383
2025-06-04,22.225817999610687,-4.958526453951686,48.17387699030977,27.270000457763672
2025-06-05,21.87896985256222,-4.042991725680551,49.357642787677214,26.1200008392334
2025-06-06,21.41083371674096,-4.576990391682696,48.708537086300296,27.459999084472656
2025-06-09,19.63731843491906,-7.122788962224997,45.11322920316453,28.139999389648438
2025-06-10,18.640046960738477,-7.739125487848277,45.00471972110846,27.68000030517578
2025-06-11,17.423479253520433,-9.459863144815397,44.57284695581073,27.75
2025-06-12,16.57001056780538,-11.71925189433886,42.10053242002394,27.350000381469727
2025-06-13,15.689122112482593,-12.125902315169073,41.027074022095036,26.670000076293945
2025-06-16,13.31472284489594,-13.248378653301813,41.102760218339874,26.0
2025-06-17,12.340479367608594,-12.162837840129605,39.351480315436106,25.549999237060547
2025-06-18,11.257020671466751,-15.126031145053176,39.12625631868425,25.399999618530273
2025-06-20,10.096770688273597,-15.670490983685012,35.806142210079045,25.899999618530273
2025-06-23,9.211799527772442,-17.314899911635077,35.53895083084461,25.670000076293945
2025-06-24,8.85223087713566,-17.713656533418142,34.27276822561544,26.799999237060547
2025-06-25,8.418987281677207,-18.954341281073436,34.22056069062107,26.860000610351562
2025-06-26,8.474827214935772,-16.28071796223162,35.960934707893045,27.540000915527344
2025-06-27,8.607419532235276,-16.582125683899456,34.24768433388087,27.15999984741211
2025-06-30,9.66219397125948,-18.167055829807246,34.9707657197402,27.59000015258789
2025-07-01,9.880672825146728,-14.779470506570192,36.110127496130154,28.690000534057617
2025-07-02,9.97661217973209,-17.63736597070595,37.261895449192174,30.280000686645508
2025-07-03,10.506910173376578,-15.831238127518372,37.006038448291626,30.489999771118164
2025-07-07,12.999510017315712,-15.287320591629813,38.66801815104481,29.899999618530273
2025-07-08,13.40180003470796,-12.51250525850087,37.56393778837453,32.540000915527344
2025-07-09,13.632669725070873,-13.769467285396749,39.639476843114366,32.790000915527344
2025-07-10,14.25530064078827,-12.369281507339496,40.55708296350304,34.279998779296875
2025-07-11,14.860618284399543,-10.494906743978346,40.03340455967058,33.63999938964844
2025-07-14,16.83624193033607,-8.814845319924888,44.26942740490975,32.869998931884766
2025-07-15,17.22642612866334,-10.5188631857978,40.96646867221929,31.579999923706055
2025-07-16,17.44391967485915,-9.593807976055485,42.71119562910427,32.060001373291016
2025-07-17,18.056237247091786,-8.221558678229151,44.13067415399585,32.20000076293945
2025-07-18,18.657177511710472,-7.5077318222041605,45.70346884351709,31.260000228881836
2025-07-21,20.659198650966374,-4.6814214381340475,46.53899393791203,30.969999313354492
2025-07-22,21.064051747242367,-5.2916664962431055,46.31289787489601,
2025-07-23,21.291351784195303,-3.125823317416896,47.38398782663269,
2025-07-24,21.90174234657296,-3.9955117666769437,47.879833400061955,
2025-07-25,22.48100716800068,-3.9270944709097693,51.15970019370401,
2025-07-26,26.07106023224097,-0.22816752583018332,50.33384011503528,
2025-07-27,26.53529038909379,-0.41690666916526486,51.46540370324475,
2025-07-28,24.208879923041994,-2.4033626916448663,49.833103155890704,
2025-07-29,24.42152557405849,-1.9917455416762757,49.60892530785166,
2025-07-30,24.39159489551296,-0.44398595892848836,49.94895717839539,
2025-07-31,24.67239009752698,-0.6317386580703861,51.935131194000625,
2025-08-01,24.843851488122574,-1.0817555822610057,52.2628586444637,
2025-08-02,27.94389827275222,1.8224549881363372,53.25268986895036,
2025-08-03,27.834076408039447,3.3578732053468365,54.73902070435993,
2025-08-04,24.85012116508393,-0.4399435074190044,52.46259974214246,
2025-08-05,24.324852768357292,-1.9667761812094993,51.24021595173352,
2025-08-06,23.482429861368743,-3.4853379638176416,50.301760364214424,
2025-08-07,22.884627105437357,-3.6112636522484642,48.79312062252833,
2025-08-08,22.12246569967303,-3.307316956495574,49.2575734243969,
2025-08-09,24.24739392650093,-1.9516890046924595,51.638269341993464,
2025-08-10,23.136689500674567,-3.6052347048424025,49.638222452519344,
2025-08-11,19.143696185005012,-7.07978145399284,46.50781748979533,
2025-08-12,17.620320474842206,-8.918851631272453,43.45422953609461,
2025-08-13,15.810822988051465,-10.841725562303964,43.37067621995984,
2025-08-14,14.297582945764967,-10.691151099900967,41.82264210092946,
2025-08-15,12.692178476363347,-13.899997889039533,40.543940511899436,
2025-08-16,14.065995268806207,-12.7943096762491,41.937690644705974,
2025-08-17,12.315051812555613,-13.533291700142211,37.091666863883525,
2025-08-18,7.809670706759961,-19.74565881777845,33.75750589360251,
2025-08-19,5.91643891892026,-21.441382600897764,32.96796543054784,
2025-08-20,3.8915082553412237,-23.751016709117742,29.548066655792255,
